id,time_stamp,temperature_one,temperature_two,vibration_x,vibration_y,vibration_z,vibration_peak,magnetic_flux_x,magnetic_flux_y,magnetic_flux_z,magnetic_flux_peak,ultra_sound,audible_sound,health_status
1,"2024-06-27 13:07:51",34.6,37.4,1.52,1.66,1.8,0,1.44,1.2,1.34,0,1.11,1.48,healthy
2,"2024-06-27 13:07:52",31.7,35.9,1.09,1.37,1.52,1.52,1.47,1.94,1.36,1.94,1.25,1.96,healthy
3,"2024-06-27 13:07:52",36.5,35.1,1.96,1.93,1.33,1.96,1.08,1.39,1.71,1.71,1.73,1.43,healthy
4,"2024-06-27 13:07:52",36.2,39.7,1.39,1.73,1.84,1.84,1.38,1.09,1.36,1.38,1.73,1.32,healthy
5,"2024-06-27 13:07:52",35.5,31.6,1.26,1.84,1.64,1.84,1.92,1.08,1.67,1.92,1.77,1.16,healthy
6,"2024-06-27 13:07:53",33.2,32.5,1.12,1.4,1.97,1.97,1.05,1.35,1.25,1.38,1.15,1.53,healthy
7,"2024-06-27 13:07:53",34.3,39.1,1.11,1.53,1.21,1.84,1.57,1.17,1.43,1.92,1.29,1.84,healthy
8,"2024-06-27 13:07:53",33.8,36.7,1.85,1.85,1.29,1.97,1.66,1.69,1.74,1.74,1.21,1.29,healthy
9,"2024-06-27 13:07:53",35.9,33.2,1.72,1.34,1.01,1.84,1.51,1.44,1.73,1.92,1.35,1.7,healthy
10,"2024-06-27 13:07:53",39.5,36.7,1.35,1.17,1.42,1.97,1.49,1.29,1.99,1.99,1.89,1.07,healthy
11,"2024-06-27 13:07:54",32.3,32.4,1.06,1.73,1.05,1.84,1.8,1.55,1.55,1.92,1.43,1.55,healthy
12,"2024-06-27 13:07:54",33.8,30.8,1.09,1.48,1.07,1.84,1.39,1.47,1.29,1.92,1.34,1.36,healthy
13,"2024-06-27 13:07:55",39.7,39.3,1.32,1.9,1.97,1.97,1.92,1.82,1.65,1.92,1.83,1.35,healthy
14,"2024-06-27 13:07:55",37.9,30.3,1.71,1.89,1.53,1.97,1.07,1.26,1.83,1.92,1.54,1.12,healthy
15,"2024-06-27 13:07:56",36.4,30.8,1.11,1.28,1.76,1.97,1.37,1.43,1.47,1.92,1.03,1.78,healthy
16,"2024-06-27 13:07:56",35.6,33.4,1.98,1.01,1.66,1.98,1.39,1.54,1.26,1.92,1.77,1.21,healthy
17,"2024-06-27 13:07:56",31.5,34.6,1.38,1.4,1.45,1.97,1.81,1.9,1.64,1.92,1.68,1.1,healthy
18,"2024-06-27 13:07:56",34.1,33.8,1.96,1.36,1.49,1.97,1.66,1.48,1.48,1.92,1.88,1.95,healthy
19,"2024-06-27 13:07:56",31,37,1.27,1.44,1.84,1.97,1.83,1.77,1.94,1.94,1.68,1.08,healthy
20,"2024-06-27 13:07:57",37.4,33.2,1.83,1.83,1.71,1.97,1.63,1.83,1.28,1.92,1.31,1.51,healthy
21,"2024-06-27 13:07:58",37.9,31,2,1.5,1.62,2,1.01,1.91,1.42,1.92,1.93,1.27,healthy
22,"2024-06-27 13:07:59",38.8,39.4,1.9,1.89,1.27,2,1.93,1.11,1.1,1.93,1.04,1.15,healthy
23,"2024-06-27 13:07:59",37.7,30.3,1.96,1.02,1.65,2,1.75,1.35,1.48,1.92,1.97,1.27,healthy
24,"2024-06-27 13:07:59",34,37.9,1.7,1.14,1.41,1.97,1.11,1.88,1.85,1.92,1.28,1.26,healthy
25,"2024-06-27 13:07:59",39.7,34.3,1.86,1.74,1.84,2,1.65,1.89,1.86,1.92,1.73,1.35,healthy
26,"2024-06-27 13:07:59",39.3,38.7,1.93,1.68,1.05,2,1.53,1.57,1.41,1.92,1.58,1.54,healthy
27,"2024-06-27 13:07:59",39.6,38.5,1.33,1.99,1.51,2,1.49,1.39,1.75,1.92,1.81,1.95,healthy
28,"2024-06-27 13:07:59",33.6,38.2,1.27,1.66,1.11,2,1.44,1.77,1.67,1.92,1.1,1.7,healthy
29,"2024-06-27 13:08:01",38.6,34.6,1.16,1.04,1.75,2,1.48,1,1.26,1.92,1.87,1.94,healthy
30,"2024-06-27 13:08:01",34.1,34.5,1.92,1.89,1.95,2,1.14,1.31,1.19,1.92,1.75,1.42,healthy
31,"2024-06-27 13:08:01",37,37.3,1.18,1.12,1.24,2,1.91,1.09,1.07,1.92,1.09,1.96,healthy
32,"2024-06-27 13:08:01",38.8,31.5,1.77,1.15,1.88,2,1.52,1.24,1.16,1.92,1.59,1.23,healthy
33,"2024-06-27 13:08:02",31.1,32,1.94,1.66,1.14,2,1.84,1.51,1.46,1.92,1.65,1.74,healthy
34,"2024-06-27 13:08:02",34.1,33.1,1.38,1.86,1.68,2,1.62,1.36,1.65,1.92,1.9,1.3,healthy
35,"2024-06-27 13:08:02",30.4,36.8,1.31,1.97,1.92,2,1.31,1.56,1.22,1.92,1.53,1.76,healthy
36,"2024-06-27 13:08:02",30.1,32.2,1.5,1.83,1.02,2,1.99,1.32,1.31,1.99,1.7,1.46,healthy
37,"2024-06-27 13:08:04",37.1,31.9,1.49,1.67,1.1,2,1.23,1.32,1.88,1.99,1.26,1.54,healthy
38,"2024-06-27 13:08:04",36.8,32.3,1.08,1.81,1.45,2,1.14,1.84,1.29,1.99,1.63,1.84,healthy
39,"2024-06-27 13:08:04",32.1,36.7,1.66,1.04,1.76,2,1.11,1.66,1.78,1.99,1.65,1.54,healthy
40,"2024-06-27 13:08:05",30.3,33.1,1.25,1.8,1.07,2,1.63,1.13,1.01,1.99,1.29,1.07,healthy
41,"2024-06-27 13:08:05",37.2,34.6,1.9,1.31,1.89,2,1.83,1.56,1.43,1.99,1.96,1.41,healthy
42,"2024-06-27 13:08:05",33.9,33.6,1.92,1.7,1.57,2,1.45,1.4,1.33,1.99,1.49,1.54,healthy
43,"2024-06-27 13:08:05",30.3,33.2,1.46,1.65,1.24,2,1.12,1.68,1.04,1.99,1.74,1,healthy
44,"2024-06-27 13:08:05",38.6,35.2,1.69,1.2,1.95,2,1.3,1.46,1.29,1.99,1.72,1.47,healthy
45,"2024-06-27 13:08:07",31.8,36.6,1.35,1.02,1.57,2,1.22,1.09,1.48,1.99,1.34,1.23,healthy
46,"2024-06-27 13:08:07",37,38.1,1.04,1.61,1.66,2,1.41,1.1,1,1.99,1.37,1.72,healthy
47,"2024-06-27 13:08:08",35.3,38,1.83,1.63,1.38,2,1.9,1.41,1.56,1.99,1.99,1.04,healthy
48,"2024-06-27 13:08:08",30,32.4,1.69,1.02,1.41,2,1.26,1.01,1.39,1.99,1.6,1.61,healthy
49,"2024-06-27 13:08:08",34.2,38.6,1.37,1.92,1.89,2,1.07,1.61,1.98,1.99,1.77,1.21,healthy
50,"2024-06-27 13:08:08",30.4,34.5,1.27,1.01,1.89,2,1.98,1.68,1.06,1.99,1.64,1.01,healthy
51,"2024-06-27 13:08:08",36.8,37.4,1.03,1.41,1.21,2,1.39,1.05,1.56,1.99,1.97,1.09,healthy
52,"2024-06-27 13:08:08",38.6,37.5,1.39,1.1,1.38,2,1.48,1.27,1.56,1.99,1.76,1.38,healthy
53,"2024-06-27 13:08:10",38.1,32.9,1.84,1.71,1.49,2,1.74,1.7,1.12,1.99,1.2,1.53,healthy
54,"2024-06-27 13:08:10",35,30.2,1.82,1.24,1.23,2,1.54,1.63,1.01,1.99,1.63,1.05,healthy
55,"2024-06-27 13:08:10",32.8,31.5,1.59,1.03,1.95,2,1.61,1.43,1.35,1.99,1.97,1.99,healthy
56,"2024-06-27 13:08:10",39.7,35.4,1.17,1.97,1.73,2,1.47,1.19,1.9,1.99,1.03,1.04,healthy
57,"2024-06-27 13:08:11",37.3,32.8,1.27,1.48,1.4,2,1.12,1.77,1.91,1.99,1.42,1.81,healthy
58,"2024-06-27 13:08:11",39.6,31.9,1.06,1.33,1.2,2,1.09,1.46,1.18,1.99,1.24,1.25,healthy
59,"2024-06-27 13:08:11",34.8,38.8,1.44,1.09,1.48,2,1.59,1.44,1.93,1.99,1.65,1.93,healthy
60,"2024-06-27 13:08:11",31.5,30.8,1.14,1.99,1.19,2,1.38,1.17,1.87,1.99,1.71,1.74,healthy
61,"2024-06-27 13:08:13",35,32.5,1.24,1.72,1.84,2,1.27,1.97,1.36,1.99,1.74,1.92,healthy
62,"2024-06-27 13:08:13",32.8,39.2,1.21,1.14,1.62,2,1.44,1.11,1.6,1.99,1.79,1.12,healthy
63,"2024-06-27 13:08:13",33.8,31.4,1.27,1.98,1.11,2,1.79,1.31,1.22,1.99,1.17,1.38,healthy
64,"2024-06-27 13:08:14",35.3,37,1.79,1.49,1.84,2,1.66,1.75,1.87,1.99,1.79,1.32,healthy
65,"2024-06-27 13:08:14",38.4,31.9,1.77,1.36,1.29,2,1.69,1.93,1.07,1.99,1.21,1.36,healthy
66,"2024-06-27 13:08:14",33.7,40,1.77,1.53,1.24,2,1.85,1.37,1.34,1.99,1.32,1.25,healthy
67,"2024-06-27 13:08:14",36.1,37.2,1.26,1.65,1.24,2,1.07,1.23,1.76,1.99,1.37,1.88,healthy
68,"2024-06-27 13:08:15",31.7,33.8,1.58,1.69,1.6,2,1.33,1.9,1.3,1.99,1.62,1.64,healthy
69,"2024-06-27 13:08:16",31.4,39.1,1.57,1.05,1.61,2,1.27,1.45,1.47,1.99,1.73,1.41,healthy
70,"2024-06-27 13:08:16",36.6,34.7,1.69,1.55,1.19,2,1.02,1.24,1.24,1.99,1.82,1.03,healthy
71,"2024-06-27 13:08:17",36.8,37,1.37,1.79,1.01,2,1.39,1.95,1.62,1.99,1.08,1.72,healthy
72,"2024-06-27 13:08:17",30.8,35.1,1.42,1.57,1.83,2,1.85,1.6,1.17,1.99,1.95,1.4,healthy
73,"2024-06-27 13:08:17",35.1,34,1.14,1.65,1.28,2,1.4,1.57,1.49,1.99,1.6,1.78,healthy
74,"2024-06-27 13:08:17",37.5,34.4,1.97,1.79,1.76,2,1.48,1.51,1.46,1.99,1.88,1.24,healthy
75,"2024-06-27 13:08:17",31.3,33.3,1.41,1.74,1.71,2,1.41,1.23,1.82,1.99,1.01,1.12,healthy
76,"2024-06-27 13:08:17",35.2,36.8,1.99,1.99,1.72,2,1.78,1.58,1.35,1.99,1.33,1.16,healthy
77,"2024-06-27 13:08:19",35.3,39.5,1.73,1.22,1.45,2,1.68,1.25,1.46,1.99,1.3,1.35,healthy
78,"2024-06-27 13:08:19",34.2,37.3,1.68,1.76,1.52,2,1.57,1.98,1.42,1.99,1.38,1.27,healthy
79,"2024-06-27 13:08:19",31.3,34.2,1.67,1.48,1.18,2,1.37,1.49,1.33,1.99,1.82,1.46,healthy
80,"2024-06-27 13:08:19",34.1,31.3,1.33,1.25,1.79,2,1.86,1.64,1.05,1.99,1.86,1.56,healthy
81,"2024-06-27 13:08:20",30.5,31.4,1.73,1.38,1.89,2,1.25,1.7,1.42,1.99,1.72,1.53,healthy
82,"2024-06-27 13:08:20",37.7,34.3,1.16,1.51,1.23,2,1.39,1.3,1.5,1.99,1.04,1.42,healthy
83,"2024-06-27 13:08:20",32.5,37.3,1.5,1.45,1.79,2,1.6,1.55,1.6,1.99,1.78,1.02,healthy
84,"2024-06-27 13:08:20",39.4,39.3,1.37,1.21,1.15,2,1.93,1.72,1.3,1.99,1.47,1.83,healthy
85,"2024-06-27 13:08:22",33.1,36.3,1.46,1.72,1.14,2,1.75,1.31,1.79,1.99,1.73,1.26,healthy
86,"2024-06-27 13:08:22",31.1,32.9,1.67,1.18,1.45,2,1.85,1.62,1.95,1.99,1.66,1.17,healthy
87,"2024-06-27 13:08:22",39.3,35.8,1.42,1.89,1.13,2,1.86,1.83,1.83,1.99,1.27,1.32,healthy
88,"2024-06-27 13:08:22",34,35.9,1.66,1.19,1.4,2,1.14,1.41,1.99,1.99,1.24,1.33,healthy
89,"2024-06-27 13:08:23",38.8,32.4,1.43,1.13,1.9,2,1.58,1.17,1.76,1.99,1.41,1.15,healthy
90,"2024-06-27 13:08:23",31.7,30.5,1.32,1.85,1.65,2,1.76,1.19,1.38,1.99,1.71,1.01,healthy
91,"2024-06-27 13:08:23",38.7,31.8,1.35,1.71,1.94,2,1.42,1.38,1.09,1.99,1.15,1.29,healthy
92,"2024-06-27 13:08:23",33.9,37.4,1.47,2,1.2,2,1.44,1.23,1.58,1.99,1.52,1.59,healthy
93,"2024-06-27 13:08:30",30.7,30.2,1.61,1.54,1.06,2,1.33,1.64,1.35,1.99,1.06,1.38,healthy
94,"2024-06-27 13:08:31",35.4,36.2,1.37,1.18,1.11,2,1.15,1.88,1.99,1.99,1.69,1.2,healthy
95,"2024-06-27 13:08:31",35.5,33.4,1.23,1.21,1.54,2,1.87,1.08,1.21,1.99,1.47,1.12,healthy
96,"2024-06-27 13:08:31",39,30.3,1.31,1.21,1.02,2,1.35,1.47,1.14,1.99,1.26,1.82,healthy
97,"2024-06-27 13:08:31",33,31.2,1.28,1.99,1.25,2,1.94,1.95,1.21,1.99,1.67,1.83,healthy
98,"2024-06-27 13:08:31",30.6,34.2,1.66,1.63,1.15,2,1.98,1.07,1.46,1.99,1.66,1.64,healthy
99,"2024-06-27 13:08:31",39.4,33.1,1.02,1.44,1.87,2,1.44,1.94,1.71,1.99,1.44,1.4,healthy
100,"2024-06-27 13:08:31",38,38.4,1.28,1.2,1.51,2,1.58,1.41,1.99,1.99,1.62,1.3,healthy
101,"2024-06-27 13:08:32",33.1,34.3,1.84,1.84,1.76,2,1.64,1.07,1.81,1.99,1.5,1.58,healthy
102,"2024-06-27 13:08:32",32.2,30.7,1.24,1.47,1.75,2,1.53,1.86,1.58,1.99,1.18,1.7,healthy
103,"2024-06-27 13:08:32",37.8,37.4,1.51,1.61,1.06,2,1.35,1.93,1.72,1.99,1.55,1.01,healthy
104,"2024-06-27 13:08:32",33.4,38.5,1.91,1.99,1.65,2,1.02,1.41,2,2,1.22,1.33,healthy
105,"2024-06-27 13:08:32",34.3,38.4,1.18,1.93,1.39,2,1.88,1.81,1.1,1.99,1.12,1.37,healthy
106,"2024-06-27 13:08:32",39,30.8,1.98,1.66,1.52,2,1.03,1.98,1.15,1.99,1.12,1.94,healthy
107,"2024-06-27 13:08:33",30.8,38.6,1.68,1.04,1.94,2,1.3,1.54,1.85,1.99,1.36,1.79,healthy
108,"2024-06-27 13:08:34",39.6,38.8,1.44,1.66,1.92,2,1.14,1.13,1.32,1.99,1.67,1.21,healthy
109,"2024-06-27 13:08:34",36.6,39,1.84,1.62,1.97,2,1.62,1.64,1.36,1.99,1.93,1.66,healthy
110,"2024-06-27 13:08:34",33.6,39.1,1.6,1.52,1.89,2,1.22,1.14,1.95,1.99,1.88,1.46,healthy
111,"2024-06-27 13:08:35",35,30.9,1.5,1.17,1.29,2,1.91,1.35,1.34,1.99,1.75,1.34,healthy
112,"2024-06-27 13:08:35",36.2,39.3,1.62,1.72,1.15,2,1.48,1.06,1.71,1.99,1.02,1.93,healthy
113,"2024-06-27 13:08:35",38.1,37.5,1.38,1.95,1.76,2,1.81,1.93,1.04,1.99,1.36,1.97,healthy
114,"2024-06-27 13:08:35",33.4,38.5,1.29,1.06,1.54,2,1.6,1.96,1.47,1.99,1.47,1.71,healthy
115,"2024-06-27 13:08:36",36.8,35.1,1.45,1.01,1.95,2,1.02,1.27,1.38,1.99,1.35,1.25,healthy
116,"2024-06-27 13:08:37",39.5,36.9,1.62,1.6,1.91,2,1.43,1.79,1.28,1.99,1.03,1.59,healthy
117,"2024-06-27 13:08:37",36.2,34.4,1.49,1.55,1.96,2,1.15,1.89,1.88,1.99,1.36,1.93,healthy
118,"2024-06-27 13:08:37",31,36.3,1.79,1.93,2,2,1.63,1.19,1.21,1.99,1.94,1.14,healthy
119,"2024-06-27 13:08:38",39.8,32.5,1.04,1.58,1.29,2,1.68,1.32,1.9,1.99,1.15,1.27,healthy
120,"2024-06-27 13:08:38",35.5,35.3,1.87,1.65,1.73,2,1.52,1.42,1.51,1.99,1.7,1.84,healthy
121,"2024-06-27 13:08:38",31.8,38.5,1.72,1.52,1.38,2,1.77,1.87,1.25,1.99,1.17,1,healthy
122,"2024-06-27 13:08:38",36.7,33.5,1.99,1.35,1.69,2,1.23,1.39,1.41,1.99,1.6,1.46,healthy
123,"2024-06-27 13:08:39",38.4,34.6,1.02,1.15,1.13,2,1.33,1.74,1.49,1.99,1.37,1.62,healthy
124,"2024-06-27 13:08:39",34.7,38,1.3,1.04,1.86,2,1.72,1.53,1.22,1.99,1.94,1.41,healthy
125,"2024-06-27 13:08:41",30.8,38.2,1.38,1.64,1.22,2,1.37,1.99,1.82,1.99,1.72,1.15,healthy
126,"2024-06-27 13:08:41",35.1,36.8,1.1,1.69,1.23,2,1.91,1.61,1.78,1.99,1.98,1.66,healthy
127,"2024-06-27 13:08:41",38.5,38.4,1.4,1.65,1.06,2,1.5,1.86,1.09,1.99,1.62,1.24,healthy
128,"2024-06-27 13:08:41",38,35.3,1.33,1.14,1.89,2,1.8,1.23,1.14,1.99,2,1.16,healthy
129,"2024-06-27 13:08:41",38.8,34.9,1.34,1.46,1.33,2,1.56,1.41,1.36,1.99,1.7,1.29,healthy
130,"2024-06-27 13:08:41",36.6,34.4,1.49,1.66,1.48,2,1.04,1.76,1.1,1.99,1.31,1.53,healthy
131,"2024-06-27 13:08:41",36.6,33.9,2,1.55,1.4,2,1.97,1.27,1.81,1.99,1.22,1.6,healthy
132,"2024-06-27 13:08:43",37.9,30,1.46,1.93,1.8,2,1.4,1.86,1.98,1.99,1.06,1.77,healthy
133,"2024-06-27 13:08:44",38.7,36.1,1.58,1.66,1.86,2,1.63,1.54,1.78,1.99,1.26,1.63,healthy
134,"2024-06-27 13:08:44",33.1,36.6,1.53,1.57,1.28,2,1.25,1.16,1.99,1.99,1.94,1.46,healthy
135,"2024-06-27 13:08:44",39.6,30.2,1.75,1.58,1.8,2,1.39,1.97,1.57,1.99,2,1.31,healthy
136,"2024-06-27 13:08:44",38.9,38.2,1.28,1.81,1.37,2,1.58,1.62,1.24,1.99,1.12,1.88,healthy
137,"2024-06-27 13:08:44",35.8,35.3,1.54,1.02,1.68,2,1.55,1.92,1.8,1.99,1.21,1.11,healthy
138,"2024-06-27 13:08:44",32.8,37.5,1.59,1.01,1.43,2,1.92,1.08,1.01,1.99,1.16,1.16,healthy
139,"2024-06-27 13:08:45",38.9,31.7,1.32,1.6,1.76,2,1.76,1.53,1.26,1.99,1.7,1.61,healthy
140,"2024-06-27 13:08:46",39.3,35.4,1.03,1.16,1.69,2,1.77,1.35,1.95,1.99,1.69,1.63,healthy
141,"2024-06-27 13:08:46",34.3,37.2,1.23,1.95,1.15,2,1.58,1.74,1.39,1.99,1.81,1.14,healthy
142,"2024-06-27 13:08:46",36.6,39.8,1.22,1.98,1.61,2,1.8,1.15,1.21,1.99,1.67,1.38,healthy
143,"2024-06-27 13:08:47",37.8,32.6,1.93,1.62,1.34,2,1.07,1.53,1.11,1.99,1.93,1.86,healthy
144,"2024-06-27 13:08:47",30.3,31.4,1.41,1.3,1.78,2,1.77,1.29,1.61,1.99,1.61,1.37,healthy
145,"2024-06-27 13:08:47",31.1,34.1,1.27,1.19,1.86,2,1.32,1.08,1.97,1.99,1.56,1.92,healthy
146,"2024-06-27 13:08:47",32,37,1.97,1.17,1.09,2,1.21,1.65,1.6,1.99,1.4,1.01,healthy
147,"2024-06-27 13:08:47",37.2,31,1.54,1.25,1.29,2,1.89,1.2,1.97,1.99,1.45,1.97,healthy
148,"2024-06-27 13:08:48",36.9,33.1,1.2,1.35,1.64,2,1.65,1.08,1.16,1.99,1.57,1.96,healthy
149,"2024-06-27 13:08:50",35.6,39.3,1.61,1.44,1.54,2,1.8,1.55,1.35,1.99,1.94,1.96,healthy
150,"2024-06-27 13:08:50",35.9,33.4,1.77,1,1.24,2,1.5,1.68,1.83,1.99,1.35,1.14,healthy
151,"2024-06-27 13:08:50",38.4,31.8,1.46,1.07,1.4,2,1.46,1.67,1.92,1.99,1.87,1.65,healthy
152,"2024-06-27 13:08:50",35.3,33.5,1.84,1.21,1.5,2,1.14,1.61,1.97,1.99,1.94,1.75,healthy
153,"2024-06-27 13:08:50",32.9,30.1,1.81,1.46,1.06,2,1.07,1.92,1.87,1.99,1.49,1.93,healthy
154,"2024-06-27 13:08:50",33.2,39.2,1.91,1.45,1.99,2,1.44,1.63,1.33,1.99,1.55,1.38,healthy
155,"2024-06-27 13:08:50",38.4,36.6,1.67,1.86,1.4,2,1.38,1.33,1.79,1.99,1.82,1.77,healthy
156,"2024-06-27 13:08:52",37.8,30.7,1.61,1.07,1.94,2,1.81,1.51,1.36,1.99,1.73,1.14,healthy
157,"2024-06-27 13:08:53",33.5,34,1.89,1.33,1.38,2,1.95,1.34,1.86,1.99,1.4,1.47,healthy
158,"2024-06-27 13:08:53",31,32.3,1.1,1.02,1.42,2,1.78,1.57,1.12,1.99,1.54,1.94,healthy
159,"2024-06-27 13:08:53",37.8,35.6,1.08,1.98,1.44,2,1.59,1.16,1.14,1.99,1.51,1.17,healthy
160,"2024-06-27 13:08:53",35.1,31.9,1.45,1.61,1.81,2,1.74,1.83,1.27,1.99,1.65,1.94,healthy
161,"2024-06-27 13:08:53",30.4,34.8,1.31,1.4,1.94,2,1.19,1.82,2,2,1.39,1.22,healthy
162,"2024-06-27 13:08:53",35.8,32.6,1.62,1.96,1.34,2,1.9,1.63,1.96,1.99,1.3,1.72,healthy
163,"2024-06-27 13:08:54",31.1,35.3,1.32,1.3,1.72,2,1.78,1.49,1.98,1.99,1.03,1.56,healthy
164,"2024-06-27 13:08:55",31.6,33.4,1.43,1.35,1.07,2,1.33,1.54,1.16,1.99,1.42,1.8,healthy
165,"2024-06-27 13:08:55",35.3,32.8,1.66,1.61,1.06,2,1.04,1.06,1.76,1.99,1.81,1.22,healthy
166,"2024-06-27 13:08:55",34.4,38.7,1.9,1.47,1.75,2,1.08,1.61,1.21,1.99,1.61,1.97,healthy
167,"2024-06-27 13:08:56",31.7,35,1.94,1.76,1.92,2,1.54,1.01,1.21,1.99,1.06,1.44,healthy
168,"2024-06-27 13:08:56",33.3,31,1.63,1.61,1.2,2,1.44,1.29,1.28,1.99,1.09,1.19,healthy
169,"2024-06-27 13:08:56",33.6,33,1.64,1.78,1.52,2,1.94,1.91,1.1,1.99,1.23,1.93,healthy
170,"2024-06-27 13:08:56",32.5,38.6,1.49,1.79,1.69,2,1.89,1.06,1.92,1.99,1.66,1.14,healthy
171,"2024-06-27 13:08:56",36.7,37.1,1.61,1.32,1.84,2,1.72,1.77,1.21,1.99,1.84,1.36,healthy
172,"2024-06-27 13:08:57",39,35.3,1.83,1.85,1.78,2,1.96,1.17,1.59,1.99,1.74,1.78,healthy
173,"2024-06-27 13:08:59",35.2,36.2,1.3,1.87,1.81,2,1.22,1.49,1.34,1.99,1.05,1.44,healthy
174,"2024-06-27 13:08:59",39.9,36.1,1.89,1.83,1.12,2,1.32,1.17,1.98,1.99,1.49,1.94,healthy
175,"2024-06-27 13:08:59",30.4,39.8,1.36,1.09,1.14,2,1.96,1.12,1.64,1.99,1.16,1.76,healthy
176,"2024-06-27 13:08:59",35.6,35.2,1.32,1.52,1.96,2,1.04,1.87,1.92,1.99,1.06,1.45,healthy
177,"2024-06-27 13:08:59",36.2,30.6,1.92,1.12,1.01,2,1.55,1.74,1.61,1.99,1.41,1.65,healthy
178,"2024-06-27 13:08:59",30.8,38.4,1.65,1.97,1.5,2,1.56,1.54,1.06,1.99,1.32,1.1,healthy
179,"2024-06-27 13:08:59",39.8,33.4,1.34,1.18,1.53,2,1.1,1.39,1.77,1.99,1.28,1.99,healthy
180,"2024-06-27 13:09:01",32.9,30.1,1.19,1.71,1.97,2,1.67,1.11,1.95,1.99,1.8,1.43,healthy
181,"2024-06-27 13:09:02",37.9,30.7,1.38,1.27,1.23,2,1.11,1.8,1.98,1.99,1.42,1.43,healthy
182,"2024-06-27 13:09:02",32.8,38,1.65,1.72,1.95,2,1.22,1.88,1.62,1.99,1.7,1.26,healthy
183,"2024-06-27 13:09:02",38.8,32.6,1.03,1.29,1.22,2,1.22,1.15,1.69,1.99,1.58,1.41,healthy
184,"2024-06-27 13:09:02",31.9,35.1,1.37,1.97,1.8,2,1.56,1.8,1.15,1.99,1.37,1.39,healthy
185,"2024-06-27 13:09:02",32.3,34.8,1.95,1.01,1.36,2,1.1,1.96,1.15,1.99,1.53,1.13,healthy
186,"2024-06-27 13:09:02",34.5,37.6,1.05,1.66,1.07,2,1.74,1.53,1.04,1.99,1.82,1.06,healthy
187,"2024-06-27 13:09:03",35.5,32.8,1.86,1.13,1.65,2,1.27,1.87,1.77,1.99,1,1.99,healthy
188,"2024-06-27 13:09:04",39.4,33.3,1.37,1.59,1.82,2,1.73,1.52,1.48,1.99,1.89,1.86,healthy
189,"2024-06-27 13:09:04",37.9,34.7,1.67,1.24,1.24,2,1.3,1.38,1.76,1.99,1.25,1.03,healthy
190,"2024-06-27 13:09:04",31.2,38.8,1.25,1.81,1.51,2,1.74,1.97,1.68,1.99,1.83,1.1,healthy
191,"2024-06-27 13:09:05",33.5,30.6,1.97,1.34,1.73,2,1.83,1.22,1.77,1.99,1.41,1.11,healthy
192,"2024-06-27 13:33:18",32.7,33.6,1.16,1.93,1.34,2,1.37,1.49,1.92,1.99,1.55,1.37,healthy
193,"2024-06-27 13:33:21",31.9,33.6,1.12,1.66,1.09,2,1.46,1.32,1.93,1.99,1.1,1.69,healthy
194,"2024-06-27 13:33:23",35.7,31.7,1.61,1.23,1.28,2,1.9,1.67,1.35,1.99,1.34,1.72,healthy
195,"2024-06-27 13:33:26",35.3,35.4,1.69,1.64,1.62,2,1.53,1.83,1.71,1.99,1.94,1.38,healthy
196,"2024-06-27 13:33:29",35.4,37.6,1.03,1.03,1.45,2,1.05,1.81,1.62,1.99,1.46,1.78,healthy
197,"2024-06-27 13:33:32",30.7,32.2,1.32,1.85,1.53,2,1.13,1.78,1.52,1.99,1.11,1.95,healthy
198,"2024-06-27 13:33:35",33.9,35.3,1.93,1.31,1.46,2,1.43,1.8,1.92,1.99,1.97,1.15,healthy
199,"2024-06-27 13:33:38",35.2,30.3,1.91,1.35,1.31,2,1.88,1.64,1.08,1.99,1.01,1.87,healthy
200,"2024-06-27 13:33:41",30.4,35.8,1.73,1.81,1.51,2,1.45,1.72,1.28,1.99,1.99,1.04,healthy
201,"2024-06-27 13:33:45",37.5,30.6,1.44,1.31,1.75,2,1.58,1.25,1.26,1.99,1.85,1.79,healthy
202,"2024-06-27 13:33:47",30.6,36.6,1.74,1.88,1.13,2,1.45,2,1.04,2,1.62,1.62,healthy
203,"2024-06-27 13:33:50",36.4,38.1,1.26,1.89,1.84,2,1.86,1.97,1.28,2,1.6,1.3,healthy
204,"2024-06-27 13:33:53",33.8,30.1,1.81,1.46,1.46,2,1.14,1.55,1.29,2,1.24,1.88,healthy
205,"2024-06-27 13:33:56",32.2,38.3,1.29,1.4,1.81,2,1.42,1.26,1.35,2,1.93,1.64,healthy
206,"2024-06-27 13:33:59",38.5,33.9,1.08,1.84,1.36,2,1.67,1.04,1.49,2,1.61,1.18,healthy
207,"2024-06-27 13:34:02",34,31.6,1.75,1.49,1.38,2,1.06,1.54,1.73,2,1.81,1.28,healthy
208,"2024-06-27 13:34:05",35.6,31.5,1.69,1.29,1.29,2,1.16,1.97,1.72,2,1.74,1.23,healthy
209,"2024-06-27 13:34:08",36.6,39.6,1.45,1.28,1.54,2,1.14,1.87,1.59,2,1.47,1.02,healthy
210,"2024-06-27 13:34:11",33.4,35.4,1.32,1.54,1.58,2,1.1,1.89,1.37,2,1.47,1.92,healthy
211,"2024-06-27 13:34:14",31.4,32.7,1.03,1.79,1.76,2,1.15,1.35,1.7,2,1.17,1.87,healthy
212,"2024-06-27 13:34:17",39.9,32.5,1.86,1.69,1.67,2,1.12,1.27,1.46,2,1.22,1.92,healthy
213,"2024-06-27 13:34:20",33.6,37.3,1.57,1.07,1.62,2,1.84,1.83,1.05,2,1.75,1.93,healthy
214,"2024-06-27 13:34:23",39.7,31.1,1.01,1.07,1.6,2,1.77,1.95,1.49,2,1.69,1.74,healthy
215,"2024-06-27 13:34:26",36.5,33.3,1.06,1.12,1.91,2,1.15,1.67,1.62,2,1.12,1.24,healthy
216,"2024-06-27 13:34:29",32.5,34.5,1.5,1.46,1.82,2,1.62,1.88,1.32,2,1.58,1.78,healthy
217,"2024-06-27 13:34:32",38.1,31.9,1.15,1.47,1.89,2,1.03,1.72,1.12,2,1.35,1.19,healthy
218,"2024-06-27 13:34:35",30.6,35.5,1.84,1.91,1.63,2,1.95,1.44,1.94,2,1.32,1.11,healthy
219,"2024-06-27 13:34:38",34,35.6,1.11,1.3,1.94,2,1.01,1.73,1.76,2,1.44,1.29,healthy
220,"2024-06-27 13:34:41",37.4,35.7,1.59,1.69,1.78,2,1.75,1.17,1.53,2,1.39,1.53,healthy
221,"2024-06-27 13:34:44",35.4,38.2,1.79,1.36,1.06,2,1.02,1.28,1.24,2,1.41,1.12,healthy
222,"2024-06-27 13:34:47",32.3,34.6,1.6,1.41,1.58,2,1.17,1.4,1.1,2,1.88,1.65,healthy
223,"2024-06-27 13:34:50",35.1,35.4,1.61,1.9,1.52,2,1.62,1.71,1.22,2,1.23,1.79,healthy
224,"2024-06-27 13:34:53",35.6,30.9,1.58,1.75,1.54,2,1.54,1.47,1.47,2,1.31,1.57,healthy
225,"2024-06-27 13:34:56",32,31.6,1.87,1.12,1.84,2,1.84,1.79,1.31,2,1.41,1.72,healthy
226,"2024-06-27 13:34:59",36.6,32.7,1.74,1.54,1.39,2,1.26,1.57,1.32,2,1.73,1.65,healthy
227,"2024-06-27 13:35:02",31,30.6,1.42,1.72,1.15,2,1.73,1.69,1.44,2,1.1,1.82,healthy
228,"2024-06-27 13:35:05",38.1,31.1,1.25,1.08,1.66,2,1.3,1.11,1.06,2,1.54,1.91,healthy
229,"2024-06-27 13:35:08",37.5,39.9,1.45,1.84,1.7,2,1.02,1.39,1.2,2,1.14,1.16,healthy
230,"2024-06-27 13:35:11",39,37.6,1.95,1.78,1.1,2,1.74,1.23,1.14,2,1.87,1.73,healthy
231,"2024-06-27 13:35:14",33.9,38.8,1.79,1.64,1.47,2,1.76,1.93,1.4,2,1.62,1.74,healthy
232,"2024-06-27 13:35:17",38.4,31.8,1.41,1.54,1.01,2,1.85,1.8,1.27,2,1.9,1.5,healthy
233,"2024-06-27 13:35:20",38.6,31.4,1.99,1.12,1.1,2,1.33,1.39,1.36,2,1.4,1.52,healthy
234,"2024-06-27 13:35:23",38.2,38.8,1.78,1.59,1.52,2,1.57,1.31,1.7,2,1.95,1.76,healthy
235,"2024-06-27 13:35:26",34,30.3,1.8,1.57,1.79,2,1.81,1.59,1.07,2,1.16,1.62,healthy
236,"2024-06-27 13:35:29",31.9,38.3,1.14,1.78,1.28,2,1.49,1.12,1.8,2,1.39,1.54,healthy
237,"2024-06-27 13:35:32",37.6,37.8,1.79,1.89,1.31,2,1.5,1.72,1.51,2,1.63,1.7,healthy
238,"2024-06-27 13:35:35",39,35.6,1.07,1.87,1.37,2,1.67,1.95,1.56,2,1.63,1.08,healthy
239,"2024-06-27 13:35:38",36.3,39.2,1.86,1.69,1.18,2,1.5,1.38,1.2,2,1.33,1.16,healthy
240,"2024-06-27 13:35:41",37.1,30.9,1.95,1.83,1.1,2,1.01,1.78,1.33,2,1.97,1.72,healthy
241,"2024-06-27 13:35:44",39.7,36.1,1.63,1.99,1.12,2,1.25,1.38,1.2,2,1.79,1.06,healthy
242,"2024-06-27 13:35:47",37.7,30.8,2,1.64,1.45,2,1.37,1.47,1.53,2,1.74,1.57,healthy
243,"2024-06-27 13:35:50",37.9,31,1.77,1.57,1.2,2,1.41,1.86,1.18,2,1.53,1.82,healthy
244,"2024-06-27 13:35:53",39.6,33,1.39,1.68,1.47,2,1.62,1.23,1.52,2,1.61,1.71,healthy
245,"2024-06-27 13:35:56",32.6,32.7,1.7,1.2,1.14,2,1.58,1.67,1.09,2,1.11,1.39,healthy
246,"2024-06-27 13:35:59",31.2,34.7,1.63,1.21,1.45,2,1.39,1.59,1.77,2,1.67,1.18,healthy
247,"2024-06-27 13:36:02",39.4,30.8,1.69,1.96,1.46,2,1.77,1.07,1.43,2,1.91,1.88,healthy
248,"2024-06-27 13:36:05",30.8,35.3,1.25,1.73,1.36,2,1.46,1.9,1.43,2,1.4,1.49,healthy
249,"2024-06-27 13:36:08",30.5,39.9,1.96,1.85,1.48,2,1.4,1.86,1.21,2,1.36,1.34,healthy
250,"2024-06-27 13:36:11",36.5,31.6,1.76,1.61,1.31,2,1.23,1.39,1.96,2,1.44,1.36,healthy
251,"2024-06-27 13:36:14",34.4,30.4,1.19,1.96,1.34,2,1.87,1.7,1.42,2,1.13,1.35,healthy
252,"2024-06-27 13:36:17",35.5,34.2,1.52,1.55,1.25,2,1.38,1.62,1.98,2,1.61,1.21,healthy
253,"2024-06-27 13:36:20",35.6,34.5,1.21,1.17,1.19,2,1.95,1.16,1.44,2,1.74,1.95,healthy
254,"2024-06-27 13:36:23",37.5,34.2,1.55,1.99,1.92,2,1.47,1.89,1.53,2,1.23,1.31,healthy
255,"2024-06-27 13:36:26",33.9,32.8,1.6,1.1,1.37,2,1.5,1.19,1.58,2,1.6,1.22,healthy
256,"2024-06-27 13:36:29",35.4,39.1,1.88,1.76,1.22,2,1.66,1.91,1.1,2,2,1.7,healthy
257,"2024-06-27 13:36:32",35,36.9,1.86,1.57,1.33,2,1.48,1.05,1.22,2,1.69,1.24,healthy
258,"2024-06-27 13:36:35",36.2,39.4,1.42,1.62,1.07,2,1.76,1.14,1.48,2,1.87,1.05,healthy
259,"2024-06-27 13:36:38",30.6,30.9,1.15,1.15,1.87,2,1.39,1.32,1.44,2,1.19,1.91,healthy
260,"2024-06-27 13:36:41",36.3,36.8,2,1.87,1.94,2,1.92,1.52,1.69,2,1.88,1.19,healthy
261,"2024-06-27 13:36:44",31.1,36.3,1.97,1.09,1.37,2,1.64,1.03,1.21,2,1.07,1.2,healthy
262,"2024-06-27 13:36:47",30.2,37,1.33,1.18,1.31,2,1.14,1.38,1.41,2,1.52,1.21,healthy
263,"2024-06-27 13:36:50",36.1,33.5,1.46,1.55,1.4,2,1.64,1.41,1.16,2,1.84,1.08,healthy
264,"2024-06-27 13:36:53",35.3,39.8,1.37,1.21,1.36,2,1.38,1.16,1.95,2,1.96,1.32,healthy
265,"2024-06-27 13:36:56",34.9,35.7,1.78,1,1.12,2,1.13,1.76,1.53,2,1.88,1.02,healthy
266,"2024-06-27 13:36:59",33.6,39.1,1.06,1.47,1.28,2,1.53,1.52,1.62,2,1.28,1.34,healthy
267,"2024-06-27 13:37:02",39.7,35.8,1.3,2,1.42,2,1.44,1.96,1.13,2,1.44,1.82,healthy
268,"2024-06-27 13:37:05",32.7,37.7,1.19,1.57,1.52,2,1.51,1.84,1.55,2,1.09,1.1,healthy
269,"2024-06-27 13:37:08",39.7,34.5,1.13,1.88,1.74,2,1.8,1,1.85,2,1.85,1.15,healthy
270,"2024-06-27 13:37:11",30.2,39.7,1.54,1.66,1.8,2,1.38,1.62,1.22,2,1.62,1.11,healthy
271,"2024-06-27 13:37:14",38.6,38.2,1.85,1.37,1.23,2,1.02,1.87,1.49,2,1.36,1.71,healthy
272,"2024-06-27 13:37:17",38.3,31,1.28,1.61,1.47,2,1.55,1.33,1.8,2,1.8,1.81,healthy
273,"2024-06-27 13:37:20",35,37.1,1.38,1.76,1.91,2,1.96,1.24,1.26,2,1.66,1.69,healthy
274,"2024-06-27 13:37:23",39.1,35.6,1.64,1.15,1.52,2,1.55,1.22,1.48,2,1.64,1.98,healthy
275,"2024-06-27 13:37:26",33.4,36.6,1.89,1.81,1.79,2,1.38,1.23,1.99,2,1.6,1.57,healthy
276,"2024-06-27 13:37:29",31,38.6,1.31,1.28,1.83,2,1.4,1.72,1.85,2,1.71,1.69,healthy
277,"2024-06-27 13:37:32",35.9,35.3,1.79,1.26,1.26,2,1.8,1.94,1.69,2,1.68,1.76,healthy
278,"2024-06-27 13:37:35",32.1,35.1,1.58,1.78,1.82,2,1.21,1.07,1.41,2,1.83,1.57,healthy
279,"2024-06-27 13:37:38",39.2,30.6,1.75,1.02,1.44,2,1.74,1.19,1.39,2,1.27,1.03,healthy
280,"2024-06-27 13:37:41",37.8,39.9,1.57,1.78,1.99,2,1.96,1.57,1.96,2,1.14,1.28,healthy
281,"2024-06-27 13:37:44",36,30.4,1.13,1.78,1.64,2,1.83,1.1,1.2,2,1.51,1.83,healthy
282,"2024-06-27 13:37:47",32,40,1.3,1.05,1.98,2,1.86,1.98,1.53,2,1.57,1.64,healthy
283,"2024-06-27 13:37:50",36.8,30.6,1.55,1.88,1.39,2,1.13,1.81,1.77,2,1.48,1.73,healthy
284,"2024-06-27 13:37:53",32.1,36.2,1.39,1.23,1.84,2,1.63,1.18,1.97,2,1.52,1.08,healthy
285,"2024-06-27 13:37:56",30.9,32,1.19,1.26,1.13,2,1.31,1.6,1.62,2,1.75,1.73,healthy
286,"2024-06-27 13:37:59",38.3,33,1.11,1.27,1.16,2,1.63,1.9,1.7,2,1.67,1.71,healthy
287,"2024-06-27 13:38:02",34.3,36,1.15,1.18,1.1,2,1.03,1.12,1.57,2,1.8,1.31,healthy
288,"2024-06-27 13:38:05",32.5,36.3,1.12,1.25,1.15,2,1,1.32,1.82,2,1.62,1.89,healthy
289,"2024-06-27 13:38:08",37.7,36.1,1.16,1.37,1.6,2,1.54,1.07,1.81,2,1.86,1.69,healthy
290,"2024-06-27 13:38:11",32.2,39.8,1.64,1.72,1.77,2,1.11,1.13,1.43,2,1.74,1.73,healthy
291,"2024-06-27 13:38:14",34.2,30.5,1.14,1.02,1.8,2,1.48,1.14,1.82,2,1,1.03,healthy
292,"2024-06-27 13:38:17",35.9,30.8,1.39,1.22,1.41,2,1.76,1.98,1.38,2,1.4,1.36,healthy
293,"2024-06-27 13:38:20",39.4,39.4,1.25,1.43,1.55,2,1.07,1.09,1.16,2,1.7,1.66,healthy
294,"2024-06-27 13:38:23",34.4,39.4,1.11,1.82,1.61,2,1.65,1.5,1.05,2,1.99,1.36,healthy
295,"2024-06-27 13:38:26",37.2,33.7,1.14,1.21,1.29,2,1.47,1.25,1.26,2,1.04,1.04,healthy
296,"2024-06-27 13:38:29",31.3,34.9,1.22,1.39,1.32,2,1.57,1.85,1.16,2,1.59,1.31,healthy
297,"2024-06-27 13:38:32",33.1,31.7,1.3,1.9,1.85,2,1.63,1.64,1.67,2,1.55,1.22,healthy
298,"2024-06-27 13:38:35",34.6,32.3,1.22,1.59,1.61,2,1.43,1.35,1.48,2,1.17,1.95,healthy
299,"2024-06-27 13:38:38",38.3,38.4,1.78,1.12,1.38,2,1.25,1.47,1.22,2,1.85,1.9,healthy
300,"2024-06-27 13:38:41",34,34.4,1.25,1.79,1.93,2,1.47,1.63,1.16,2,1.21,1.46,healthy
301,"2024-06-27 13:38:44",30,37.3,1.48,1.86,1.39,2,1.89,1.88,1.12,2,1.78,1.33,healthy
302,"2024-06-27 13:38:47",38.2,30.2,1.58,1.54,1.23,2,1.86,1.38,1.17,2,1.07,1.89,healthy
303,"2024-06-27 13:38:50",35,39.1,1.32,1.88,1.42,2,1.32,1.3,1.88,2,1.31,1.4,healthy
304,"2024-06-27 13:38:53",31.4,34.2,1.53,1.6,1.61,2,1.61,1.66,1.8,2,1.77,1.25,healthy
305,"2024-06-27 13:38:56",32.2,36,1.83,1.53,1.63,2,1.28,1.38,1.28,2,1.38,1.71,healthy
306,"2024-06-27 13:38:59",30.6,36.6,1.11,1.79,2,2,1.63,1,1.42,2,1.59,1.53,healthy
307,"2024-06-27 13:39:02",34.5,38.5,1.65,1.01,1.57,2,1.8,1.31,1.54,2,1.91,1.71,healthy
308,"2024-06-27 13:39:05",31.9,30.7,1.16,1.8,1.58,2,1.21,1.82,1.37,2,1.86,1.09,healthy
309,"2024-06-27 13:39:08",33.3,31.9,1.43,1.61,1.07,2,1.36,1.15,1.28,2,1.7,1.54,healthy
310,"2024-06-27 13:39:11",31.4,37.7,1.8,2,1.48,2,1.59,1.32,1.44,2,1.71,1.23,healthy
311,"2024-06-27 13:39:14",38.1,37.8,1.83,1.57,1.96,2,1.1,1.81,1.81,2,1.81,1.34,healthy
312,"2024-06-27 13:39:17",35.6,38.7,1.29,1.73,1.6,2,1.27,1.39,1.28,2,1.39,1.56,healthy
313,"2024-06-27 13:39:20",31.6,37.7,1.36,1.44,1.09,2,1.34,1.6,1.32,2,1.81,1.43,healthy
314,"2024-06-27 13:39:23",39.1,31.4,1.65,1.48,1.56,2,1.13,1.68,1.77,2,1.88,1.98,healthy
315,"2024-06-27 13:39:26",31.7,38.9,1.94,1.61,1.69,2,1.88,1.85,1.25,2,1.24,1.57,healthy
316,"2024-06-27 13:39:29",31.8,39.6,1.04,1.54,1.39,2,1.31,1.51,1.96,2,1.5,1.38,healthy
317,"2024-06-27 13:39:32",38.1,37.9,1.09,1.57,1.74,2,1.76,1.41,1.43,2,1.09,1.13,healthy
318,"2024-06-27 13:39:35",38.5,38.8,1.76,1,1.3,2,1.78,1.28,1.35,2,1.9,1.23,healthy
319,"2024-06-27 13:39:38",32.1,37.4,1.02,1.61,1.41,2,1.65,1.13,1.04,2,1.77,1.69,healthy
320,"2024-06-27 13:39:41",31,31.1,1.82,1.24,1.43,2,2,1.08,1.42,2,1.21,1.64,healthy
321,"2024-06-27 13:39:44",38,30.9,1.14,1.98,1.05,2,1.07,1.17,1.09,2,1.51,1.34,healthy
322,"2024-06-27 13:39:47",35.9,32.5,1.23,1.24,1.22,2,1.55,1.13,1.78,2,1.9,1.91,healthy
323,"2024-06-27 13:39:50",34.2,31.7,1.46,1.93,1.42,2,1.14,1.26,1.13,2,1.4,1.1,healthy
324,"2024-06-27 13:39:53",35.2,35.2,1.84,1.94,1.49,2,1.22,1.01,1.68,2,1.56,1.72,healthy
325,"2024-06-27 13:39:56",31.2,30,1.89,1.14,1.93,2,1.39,1.58,1.52,2,1.54,1.8,healthy
326,"2024-06-27 13:39:59",30,37,1.63,1.24,1.22,2,1.54,1.56,1.38,2,1.96,1.5,healthy
327,"2024-06-27 13:40:02",30.5,32.6,1.34,1.47,1.92,2,1.91,1.23,1.79,2,1.72,1.07,healthy
328,"2024-06-27 13:40:05",32.6,33.6,1.18,1.88,1.04,2,1.28,1.06,1.81,2,1.43,1.77,healthy
329,"2024-06-27 13:40:08",35.6,37.8,1.72,1.93,1.6,2,1.23,1.23,1.01,2,1.44,1.47,healthy
330,"2024-06-27 13:40:11",31.5,30.7,1.13,1.84,1.16,2,1.46,1.52,1.34,2,1.87,1.3,healthy
331,"2024-06-27 13:40:14",35.5,35,1.64,1.1,1.43,2,1.71,1.17,1.29,2,1.74,1.68,healthy
332,"2024-06-27 13:40:17",30.7,31.2,1.72,1.54,1.14,2,1.18,1.63,1.91,2,1.45,1.16,healthy
333,"2024-06-27 13:40:20",35,39.6,1.1,1.79,1.99,2,1.15,1.5,1.23,2,1.01,1.54,healthy
334,"2024-06-27 13:40:23",32.6,30.6,1.96,1.95,1.03,2,1.74,1.32,1.06,2,1.51,1.97,healthy
335,"2024-06-27 13:40:26",35,32.9,1,1.71,1,2,1.64,1.14,1.69,2,1.05,1.87,healthy
336,"2024-06-27 13:40:29",39.2,32.1,1.05,1.98,1.8,2,1.09,1.33,1.39,2,1.33,1.07,healthy
337,"2024-06-27 13:40:32",35.3,33.4,1.79,1.62,1.41,2,1.11,1.7,1.32,2,1.59,1.18,healthy
338,"2024-06-27 13:40:35",31.6,35.2,1.16,1.06,1.64,2,1.1,1.02,1.69,2,1.95,1.73,healthy
339,"2024-06-27 13:40:38",36.2,34.9,1.82,1.55,1.11,2,1.41,1.81,1.71,2,1.6,1.65,healthy
340,"2024-06-27 13:40:41",33.1,35.2,1.57,1.31,1.74,2,1.93,1.01,1.26,2,1.22,1.28,healthy
341,"2024-06-27 13:40:44",34.2,31.3,1.93,1.31,1.14,2,1.75,1.95,1.8,2,1.39,1.06,healthy
342,"2024-06-27 13:40:47",37.4,39.9,1.24,1.2,1.78,2,1.57,1.48,1.19,2,2,1.23,healthy
343,"2024-06-27 13:40:50",30.6,32.8,1.88,1.59,1.57,2,1.45,1.97,1.4,2,1.6,1.39,healthy
344,"2024-06-27 13:40:53",37.7,31.8,1.3,1.07,1.67,2,1.4,1.11,1.9,2,1.96,1.32,healthy
345,"2024-06-27 13:40:56",35.4,31.5,1.27,1.73,1.62,2,1.67,1.4,1.92,2,1.36,1.55,healthy
346,"2024-06-27 13:40:59",35.3,35.3,1.26,1.73,1.72,2,1.62,1.33,1.78,2,1.44,1.67,healthy
347,"2024-06-27 13:41:02",35.5,36.3,1.81,1.26,1.96,2,1.77,1.64,1.77,2,1.76,1.32,healthy
348,"2024-06-27 13:41:05",37.9,37.4,1.78,1.34,1.05,2,1.46,1.42,1,2,1.46,1.05,healthy
349,"2024-06-27 13:41:08",37.2,34.8,1.27,1.34,1.68,2,1.02,1.07,1.52,2,1.34,1.16,healthy
350,"2024-06-27 13:41:11",35.5,39.3,1.46,1.69,1.08,2,1.33,1.53,1.51,2,1.91,1.38,healthy
351,"2024-06-27 13:41:14",30.5,35.1,1.05,1.09,1.65,2,1.87,1.23,1,2,1.23,1.27,healthy
352,"2024-06-27 13:41:17",33.5,35.8,1.45,1.06,1.21,2,1.81,1.82,1.84,2,1.72,1.09,healthy
353,"2024-06-27 13:41:20",32.7,39.3,1.85,1.77,1.24,2,1.01,1.51,1.32,2,1.89,1.63,healthy
354,"2024-06-27 13:41:23",30.2,36.5,1.92,1,1.4,2,1.95,1.25,1.2,2,1.69,1.92,healthy
355,"2024-06-27 13:41:26",31,35.6,1.06,1.62,1.42,2,1.98,1.02,1.02,2,1.62,1.14,healthy
356,"2024-06-27 13:41:29",30.1,32.8,1.14,1.45,1.95,2,1.55,1.6,1.56,2,1.98,1.56,healthy
357,"2024-06-27 13:41:32",30.8,39.2,1.51,1.29,1.37,2,1.36,1.31,1.23,2,1.62,1.95,healthy
358,"2024-06-27 13:41:35",35,35.3,1.69,1.9,1.31,2,1.48,1.41,1.71,2,1.1,1.26,healthy
359,"2024-06-27 13:41:38",30.3,35.2,1.07,1.2,1.29,2,1.16,1.62,1.74,2,1.89,1.52,healthy
360,"2024-06-27 13:41:41",34.9,36.2,1.98,1.46,1.4,2,1.08,1.51,1.38,2,1.68,1.18,healthy
361,"2024-06-27 13:41:44",38.6,35.3,1.69,1.82,1.77,2,1.76,1.19,1.65,2,1.4,1.43,healthy
362,"2024-06-27 13:41:47",32.6,38.2,1.58,1.07,1.07,2,1.95,1.3,1.5,2,1.08,1.26,healthy
363,"2024-06-27 13:41:50",32.7,39.7,1.76,1.94,1.67,2,1,1.79,1.77,2,1.31,1.82,healthy
364,"2024-06-27 13:41:53",31.9,33.1,1.19,1.23,1.77,2,1.79,1.41,1.39,2,1.43,1.8,healthy
365,"2024-06-27 13:41:56",30.5,38.8,1.79,1.5,1.47,2,1.29,1.24,1.76,2,1.89,1.66,healthy
366,"2024-06-27 13:41:59",32.8,31.4,1.42,1.46,1.57,2,1.01,1.43,1.05,2,1,1.64,healthy
367,"2024-06-27 13:42:02",35.5,34.5,1.57,1.29,1.74,2,1,1.01,1.83,2,1.16,1.65,healthy
368,"2024-06-27 13:42:05",37,31.3,1.48,1.38,1.51,2,1.85,1.8,1.3,2,1.07,1.32,healthy
369,"2024-06-27 13:42:08",39.9,35.8,1.45,1.77,1.82,2,1.53,1.81,1.91,2,1.69,1.25,healthy
370,"2024-06-27 13:42:11",30.6,30.7,1.46,1.82,1.34,2,1.97,1.62,1.75,2,1.75,1.12,healthy
371,"2024-06-27 13:42:14",39.1,31.6,1.38,1.33,1.18,2,1.57,1.2,1.8,2,1.81,1.15,healthy
372,"2024-06-27 13:42:17",36.1,34.5,1.4,1.01,1.11,2,1.52,1.89,1.33,2,1.75,1.87,healthy
373,"2024-06-27 13:42:20",32.3,35.7,1.3,1.22,1.76,2,1.98,1.17,1.82,2,1.83,1.18,healthy
374,"2024-06-27 13:42:23",36.3,38.6,1.52,1.36,1.09,2,1.05,1.72,1.42,2,1.2,1.6,healthy
375,"2024-06-27 13:42:26",36.6,33.5,1.02,1.93,1.76,2,1.18,1.69,1.2,2,1.28,1.4,healthy
376,"2024-06-27 13:42:29",32.8,35.2,1.4,1.76,1.7,2,1.8,1.88,1.57,2,1.43,1.76,healthy
377,"2024-06-27 13:42:32",37.7,36,1.43,1.36,1.24,2,1.88,1.21,1.1,2,1.82,1.93,healthy
378,"2024-06-27 13:42:35",32.3,32,1.13,1.54,1.12,2,1.77,1,1.26,2,1.12,1.55,healthy
379,"2024-06-27 13:42:38",38.6,34.5,1.79,1.3,1.7,2,1.66,1.37,1.99,2,1.62,1.7,healthy
380,"2024-06-27 13:42:41",37.3,39,1.07,1.84,1.33,2,1.93,1.03,1.86,2,1.73,1.8,healthy
381,"2024-06-27 13:42:44",33.4,35.2,1.15,1.35,1.26,2,1.99,1.08,1.23,2,1.42,1.59,healthy
382,"2024-06-27 13:42:47",35.5,39,1.2,1.85,1.32,2,1.47,1.5,1.54,2,1.6,1.9,healthy
383,"2024-06-27 13:42:50",33,35,1.74,1.28,1.59,2,1.98,1.23,1.27,2,1.94,1.61,healthy
384,"2024-06-27 13:42:53",34.4,35.6,1.92,1.55,1.14,2,1.99,1.02,1.34,2,1.52,1.59,healthy
385,"2024-06-27 13:42:56",33.1,31.8,1.07,1.25,1.14,2,1.03,1.88,1.95,2,1.08,1.43,healthy
386,"2024-06-27 13:42:59",34.4,35,1.13,1.09,1.03,2,1.13,1.05,1.07,2,1.73,1.09,healthy
387,"2024-06-27 13:43:02",32.9,34.1,1.13,1.84,1.71,2,1.42,1.28,1.84,2,1.86,1.6,healthy
388,"2024-06-27 13:43:05",33.6,36.4,1.35,1.45,1.61,2,1.94,1.77,1.91,2,1.98,1.19,healthy
389,"2024-06-27 13:43:08",37,32.3,1.56,1.96,1.6,2,1.33,1.72,1.11,2,1.89,1.41,healthy
390,"2024-06-27 13:43:11",35.7,34.4,1.35,1.93,1.23,2,1.07,1.17,1.45,2,1.34,1.27,healthy
391,"2024-06-27 13:43:14",31.8,32.1,1.51,1.89,1.5,2,1.27,1.27,1.11,2,1.82,1.22,healthy
392,"2024-06-27 13:43:17",38.6,30.4,1.95,1.51,1.33,2,1.32,1.29,1.36,2,1.91,1.88,healthy
393,"2024-06-27 13:43:20",35.8,38,1.53,1.33,1.7,2,1.13,1.31,1.08,2,1.94,1.97,healthy
394,"2024-06-27 13:43:23",34.9,34.4,1.49,1.37,1.92,2,1.53,1.05,1.53,2,1.9,1.55,healthy
395,"2024-06-27 13:43:26",30.4,34.4,1.19,1.69,1.36,2,1.76,1.52,1.37,2,1.88,1.94,healthy
396,"2024-06-27 13:43:29",38.2,33.8,1.11,1.86,1.2,2,1.71,1.58,1.64,2,1.87,1.74,healthy
397,"2024-06-27 13:43:32",33.4,37.9,1.92,1.89,1.06,2,1.12,1.37,1.43,2,1.25,1.37,healthy
398,"2024-06-27 13:43:35",33.2,35.4,1.41,1,1.75,2,1.63,1.35,1.19,2,1.41,1.32,healthy
399,"2024-06-27 13:43:38",34.8,33.8,2,1.37,1.52,2,1.03,1.22,1.62,2,1.77,1.12,healthy
400,"2024-06-27 13:43:41",34.4,34.4,1.79,1.25,1.31,2,1.2,1.1,1.6,2,1.75,1.08,healthy
401,"2024-06-27 13:43:44",38.4,39.3,1.12,1.7,1.23,2,1.23,1.12,1.54,2,1.66,1.94,healthy
402,"2024-06-27 13:43:47",36,33,1.91,1.77,1.2,2,1.91,1.55,1.64,2,1.49,1.93,healthy
403,"2024-06-27 13:43:50",35.7,33.3,1.35,1.36,1.6,2,1.02,1.88,1.48,2,1.61,1.75,healthy
404,"2024-06-27 13:43:53",37.8,32.6,1.28,1.49,1.23,2,1.2,1.87,1.04,2,1.91,1.42,healthy
405,"2024-06-27 13:43:56",37.9,36,1.39,1.5,1.99,2,1.53,1.21,1.2,2,1.19,1.33,healthy
406,"2024-06-27 13:43:59",30.4,33.8,1.42,1.78,1.43,2,1.57,1.56,1.43,2,1.7,1.22,healthy
407,"2024-06-27 13:44:02",35.8,39.8,1.24,1.49,1.32,2,1.59,1.16,1.82,2,1.13,1.37,healthy
408,"2024-06-27 13:44:05",33.6,36.9,1.38,1.87,1.55,2,1.08,1.44,1.27,2,1.82,1.45,healthy
409,"2024-06-27 13:44:08",34.3,35.2,1.4,1.96,1.56,2,1.86,1.51,1.72,2,1.37,1.06,healthy
410,"2024-06-27 13:44:11",37.5,33.7,1.05,1.54,1.14,2,1.13,1.54,1.09,2,1.41,1.27,healthy
411,"2024-06-27 13:44:14",39.8,38.6,1.63,1.47,1.5,2,1.68,1.01,1.82,2,1.2,1.47,healthy
412,"2024-06-27 13:44:17",32.8,38.6,1.83,1.19,1.51,2,1.85,1.84,1.42,2,1.33,1.42,healthy
413,"2024-06-27 13:44:20",35.7,39.4,1.55,1.4,1.57,2,1.49,1.44,1.73,2,1.21,1.87,healthy
414,"2024-06-27 13:44:23",37.6,30.4,1.7,1.47,1.1,2,1.72,1.17,1.12,2,1.04,1.14,healthy
415,"2024-06-27 13:44:26",37.6,34,1.66,1.2,1.5,2,1.85,1.27,1.61,2,1.66,1.34,healthy
416,"2024-06-27 13:44:29",39.5,34.8,1.52,1.68,1.82,2,1.63,1.87,1.04,2,1.73,1.49,healthy
417,"2024-06-27 13:44:32",33.1,30.1,1.08,1.69,1.97,2,1.52,1.25,1.01,2,1.3,1.73,healthy
418,"2024-06-27 13:44:35",32.5,31.2,1.91,1.5,1.78,2,1.39,1.16,1.23,2,1.73,1.29,healthy
419,"2024-06-27 13:44:38",33.3,37.7,1.48,1.62,1.11,2,1.39,1.65,1.96,2,1.12,1.8,healthy
420,"2024-06-27 13:44:41",32.4,37.2,1.98,1.52,1.26,2,1.51,1.66,1.51,2,1.22,1.94,healthy
421,"2024-06-27 13:44:44",38.6,36.3,1.59,1.12,1.86,2,1.52,1.1,1.64,2,1.43,1.45,healthy
422,"2024-06-27 13:44:47",30.1,37.9,1.77,1.99,1.32,2,1.49,1.77,1.2,2,1.91,1.4,healthy
423,"2024-06-27 13:44:50",36.4,32.2,1.72,1.13,1.84,2,1.04,1.03,1.74,2,1.57,1.95,healthy
424,"2024-06-27 13:44:53",30.8,31,1.37,1.09,1.32,2,1.53,1.21,1.23,2,1.19,1.05,healthy
425,"2024-06-27 13:44:56",33.8,31.2,1.35,1.64,1.82,2,1.06,1.97,1.64,2,1.94,1.24,healthy
426,"2024-06-27 13:44:59",32.1,37.6,1.02,1.11,1.95,2,1.77,1.26,1.43,2,1.95,1.08,healthy
427,"2024-06-27 13:45:02",34.1,39.3,1.64,1.81,1.79,2,1.04,1.42,1.23,2,1.34,1.17,healthy
428,"2024-06-27 13:45:05",35.8,33.2,1.37,1.14,1.8,2,1.24,1.08,1.47,2,1.06,1.98,healthy
429,"2024-06-27 13:45:08",38.2,30.2,1.79,1.96,1.65,2,1.39,1.46,1.44,2,1.61,1.42,healthy
430,"2024-06-27 13:45:11",38.7,32.8,1.73,1.19,1.34,2,1.38,1.99,1.63,2,1.09,1.02,healthy
431,"2024-06-27 13:45:14",39.6,32.7,1.71,1.87,1.27,2,1.03,1.57,1.87,2,1.16,1.39,healthy
432,"2024-06-27 13:45:17",39.2,37.8,1.33,1.72,1.61,2,1.06,1.78,1.88,2,1.85,1.55,healthy
433,"2024-06-27 13:45:20",34.6,39.3,1.84,1.92,1.59,2,1.78,1.08,1.56,2,1.1,1.23,healthy
434,"2024-06-27 13:45:23",32.6,30.5,1.21,1.78,1.49,2,1.58,1.44,1.09,2,1.42,1.13,healthy
435,"2024-06-27 13:45:26",32.8,34.8,1.44,1.48,1.75,2,1.93,1.5,1.68,2,1.47,1.61,healthy
436,"2024-06-27 13:45:29",39.9,37.8,1.7,1.76,1.21,2,1.46,1.62,1.08,2,1.49,1.08,healthy
437,"2024-06-27 13:45:32",30.4,34.7,1.45,1.36,1.06,2,1.85,1.61,1.65,2,1.69,1.51,healthy
438,"2024-06-27 13:45:35",34,33.9,1.31,1.29,1.16,2,1.97,1.64,1.34,2,1.17,1.77,healthy
439,"2024-06-27 13:45:38",37.7,35.8,1.77,1.75,1.6,2,1.06,1.57,1.1,2,1.22,1.48,healthy
440,"2024-06-27 13:45:41",32.2,34.3,1.41,1.18,1.13,2,1.89,1.67,1.65,2,1.07,1.54,healthy
441,"2024-06-27 13:45:44",39.9,37.1,1.99,1.88,1.92,2,1.39,1.8,1.01,2,1.2,1.65,healthy
442,"2024-06-27 13:45:47",30.9,34.9,1.82,1.11,1.32,2,1.27,1.9,1.05,2,1.95,1.96,healthy
443,"2024-06-27 13:45:50",39.2,36.6,1.68,1.31,1.08,2,1.34,1.42,1.15,2,1.5,1.05,healthy
444,"2024-06-27 13:45:53",32.8,32.3,1.71,1.41,1.44,2,1.88,1.48,1.81,2,1.61,1.53,healthy
445,"2024-06-27 13:45:56",31.7,31.2,1.51,1.69,1.71,2,1.5,1.88,1.71,2,1.57,1.63,healthy
446,"2024-06-27 13:45:59",38.5,30,1.89,1.33,1.47,2,1.74,1.17,1.73,2,1.27,1.78,healthy
447,"2024-06-27 13:46:02",31.7,39.3,1.84,1.36,1.12,2,1.97,1.2,1.32,2,1.97,1.32,healthy
448,"2024-06-27 13:46:05",34.1,36.3,1.47,1.44,1.95,2,1.1,1.69,1.87,2,1.63,1.85,healthy
449,"2024-06-27 13:46:08",34.4,32,1.48,1.5,1.58,2,1.46,1.4,1.21,2,1.54,1.73,healthy
450,"2024-06-27 13:46:11",38.5,36,1.55,1.89,1.94,2,1.86,1.38,1.92,2,1.79,1.39,healthy
451,"2024-06-27 13:46:14",33.8,39.1,1.58,1.61,1.15,2,1.63,1.66,1.07,2,1.6,1.25,healthy
452,"2024-06-27 13:46:17",36.5,32.4,1.99,1.6,1.71,2,1.28,1.37,1.81,2,1.95,1.09,healthy
453,"2024-06-27 13:46:20",36.9,30.3,1.78,1.74,1.79,2,1.53,1.74,1.7,2,1.05,1.59,healthy
454,"2024-06-27 13:46:23",37.6,35.1,1.25,1.3,1.93,2,1.26,1.14,1.27,2,1.89,1.34,healthy
455,"2024-06-27 13:46:26",32.7,30,1.42,1,1.96,2,1.99,1.32,1.72,2,1.03,1.36,healthy
456,"2024-06-27 13:46:29",38.9,32.1,1.21,1.18,1.98,2,1.92,1.15,1.01,2,1.93,1.33,healthy
457,"2024-06-27 13:46:32",31.1,31.4,1.96,1.69,1.4,2,1.33,1.74,1.68,2,1.4,1.5,healthy
458,"2024-06-27 13:46:35",37.6,34.5,1.07,1.26,1.3,2,1.51,1.91,1.58,2,1.14,1.33,healthy
459,"2024-06-27 13:46:38",31.2,35.9,1.24,1.88,1.47,2,1.6,1.42,1.17,2,1.35,1.62,healthy
460,"2024-06-27 13:46:41",37.4,36.5,1.46,1.53,1.79,2,1.51,1.55,1.45,2,1.9,1.13,healthy
461,"2024-06-27 13:46:44",33.4,38,1.63,1.44,1.24,2,1.04,1.4,1.55,2,1.09,1.17,healthy
462,"2024-06-27 13:46:47",37.9,31,1.71,1.13,1.59,2,1.51,1.64,1.44,2,1.15,1.34,healthy
463,"2024-06-27 13:46:51",34.4,30.9,1.73,1.82,1.69,2,1.16,1.17,1.73,2,1.19,1.62,healthy
464,"2024-06-27 13:46:53",38.1,35.8,1.26,1.19,1.91,2,1.24,1.08,1.57,2,1.44,1.1,healthy
465,"2024-06-27 13:46:57",35.5,31,1.04,1.89,1.83,2,1.85,1.27,1.26,2,1.26,1.62,healthy
466,"2024-06-27 13:46:59",36.1,32.7,1.57,1.44,1.45,2,1.09,1.69,1.06,2,1.96,1.51,healthy
467,"2024-06-27 13:47:03",39,34.6,1.68,1.05,2,2,1.28,1.86,1.29,2,1.56,1.09,healthy
468,"2024-06-27 13:47:05",37.1,34.1,1.11,1.38,1.56,2,1.92,1.07,1.06,2,1.73,1.91,healthy
469,"2024-06-27 13:47:09",37.9,38.6,1.44,1.4,1.15,2,1.72,1.78,1.59,2,1.24,1.02,healthy
470,"2024-06-27 13:47:11",31,30.8,1.13,1.96,1.37,2,1.76,1.55,1.34,2,1.39,1.7,healthy
471,"2024-06-27 13:47:15",35.5,38.6,1.27,1.08,1.85,2,1.35,1.35,1.02,2,1.39,1.97,healthy
472,"2024-06-27 13:47:17",32.7,34.4,1.98,1.65,1.29,2,1.44,1.56,1.23,2,1.84,1.42,healthy
473,"2024-06-27 13:47:20",31.3,33.8,1.49,1.71,1.79,2,1.57,1.1,1.97,2,1.87,1.83,healthy
474,"2024-06-27 13:47:23",31.8,30.9,1.12,1.7,1.21,2,1.43,1.39,1.32,2,1.4,1.26,healthy
475,"2024-06-27 13:47:27",39.5,39.4,1.97,1.18,1.48,2,1.95,1.42,1.26,2,1.06,1.43,healthy
476,"2024-06-27 13:47:29",37.5,30.8,1.25,1.17,1.66,2,1.17,1.81,1.74,2,1.83,1.57,healthy
477,"2024-06-27 13:47:33",39.2,32.9,1.8,1.54,1.21,2,1.93,1.77,1.95,2,1.81,1.12,healthy
478,"2024-06-27 13:47:35",31.7,38.1,1,1.05,1.23,2,1.33,1.57,1.24,2,1.98,1.85,healthy
479,"2024-06-27 13:47:39",34,31.8,1.96,1.36,1.95,2,1.11,1.81,1.41,2,1.34,1.3,healthy
480,"2024-06-27 13:47:41",39,30.9,1.37,1.02,1.63,2,1.85,1.07,2,2,1.3,1.1,healthy
481,"2024-06-27 13:47:45",30.2,38.8,1.69,1.27,1.16,2,1.21,1.11,1.65,2,1.85,1.8,healthy
482,"2024-06-27 13:47:47",30.3,37.6,1.51,1.8,1.04,2,1.3,1.03,1.86,2,1.93,1.11,healthy
483,"2024-06-27 13:47:51",36.3,37.3,1.68,1.7,1.93,2,1.83,1.13,1.99,2,1.69,1.81,healthy
484,"2024-06-27 13:47:53",32.8,32.2,1.07,1.28,1.92,2,1.66,1.38,1.61,2,1.75,1.04,healthy
485,"2024-06-27 13:47:57",36.5,30.9,1.49,1.64,1.86,2,1.9,1.03,1.54,2,1.45,1.34,healthy
486,"2024-06-27 13:47:59",32.1,34.8,1.26,1.92,1.85,2,1.45,1.17,1.55,2,1.65,1.07,healthy
487,"2024-06-27 13:48:03",32.4,37.7,1.17,2,1.34,2,1.94,1.22,1.05,2,1.65,1.98,healthy
488,"2024-06-27 13:48:05",39.9,39.2,1.73,1.1,1.57,2,1.89,1.04,1.64,2,1.41,1.17,healthy
489,"2024-06-27 13:48:09",32.9,37.7,1.71,1.34,1.56,2,1.26,1.76,1.81,2,1.6,1.37,healthy
490,"2024-06-27 13:48:12",31.8,31.5,1.64,1.14,1.27,2,1.97,1.04,1.45,2,1.91,1.33,healthy
491,"2024-06-27 13:48:14",36.4,38,1.25,1.82,1.56,2,1.05,1.98,1.83,2,1.23,1.9,healthy
492,"2024-06-27 13:48:18",38.6,35.9,1.27,1.38,1.36,2,1.45,1.56,1.54,2,1.97,1.67,healthy
493,"2024-06-27 13:48:20",30.9,31.8,1.73,1.87,1.31,2,1.23,1.14,1.71,2,1.62,1.68,healthy
494,"2024-06-27 13:48:24",35.9,39,1.48,1.67,1.05,2,1.71,1.01,1.67,2,1.67,1.21,healthy
495,"2024-06-27 13:48:26",39.7,32.3,1.13,1.69,1.13,2,1.08,1.35,1.63,2,1.89,1.29,healthy
496,"2024-06-27 13:48:30",32.1,35.7,1.65,1.72,1.68,2,1.45,1.68,1.42,2,1.41,1.65,healthy
497,"2024-06-27 13:48:32",39.5,35.4,1.09,1.95,1.74,2,1.71,1.77,1.42,2,1.6,1.93,healthy
498,"2024-06-27 13:48:36",37.4,38.7,1.86,1.27,1.63,2,1.36,1.52,1.62,2,1.51,1.57,healthy
499,"2024-06-27 13:48:38",34.1,30.1,1.37,1.41,1.3,2,1.86,1.58,1.43,2,1.38,1.42,healthy
500,"2024-06-27 13:48:42",32.2,31.9,1.35,1.94,1.82,2,1.69,1.25,1.18,2,1.76,1.19,healthy
501,"2024-06-27 13:48:44",30.5,30.3,1.5,1.06,1.9,2,1.71,1.62,1.43,2,1.84,1.95,healthy
502,"2024-06-27 13:48:47",34.1,34.3,1.45,1.63,1.15,2,1.47,1.34,1.11,2,1.36,1.9,healthy
503,"2024-06-27 13:48:51",32.3,32.5,1.03,1.64,1.38,2,1.02,1.62,1.18,2,1.6,1.14,healthy
504,"2024-06-27 13:48:53",32.7,36.1,1.01,1.24,1.28,2,1.49,1.39,1.09,2,1.22,1.4,healthy
505,"2024-06-27 13:48:57",32.8,37.9,1.19,1.66,1.61,2,1.6,1.41,1.65,2,1.11,1.27,healthy
506,"2024-06-27 13:49:00",39.4,36.3,1.36,1.94,1.1,2,1,1.25,1.57,2,1.05,1.38,healthy
507,"2024-06-27 13:49:03",38.9,35.9,1.73,1.54,1.16,2,1.39,1.29,1.55,2,1.18,1.05,healthy
508,"2024-06-27 13:49:06",33.3,30.5,1.14,1.67,1.23,2,1.36,1.94,1.96,2,1.81,1.75,healthy
509,"2024-06-27 13:49:09",33.3,31.3,1.39,1.78,1.19,2,1.55,1.68,1.89,2,1.47,1.23,healthy
510,"2024-06-27 13:49:12",34.2,32.8,1.42,1.24,1.55,2,1.96,1.73,1.58,2,1.34,1.77,healthy
511,"2024-06-27 13:49:15",39,37.1,1.43,1.26,1.37,2,1.81,1.02,1.72,2,1.73,1.01,healthy
512,"2024-06-27 13:49:18",34.4,30.6,1.54,1.43,1.82,2,1.77,1.53,1.67,2,1.61,1.16,healthy
513,"2024-06-27 13:49:21",38.3,31.5,1.08,1.13,1.27,2,1.05,1.48,1.44,2,1.64,1.04,healthy
514,"2024-06-27 13:49:24",31.1,38.5,1.35,1.53,1.51,2,1.48,1.01,1.33,2,1.68,1.04,healthy
515,"2024-06-27 13:49:27",30.7,38.3,1.05,1.78,1.9,2,1.65,1.74,1.95,2,1.49,1.88,healthy
516,"2024-06-27 13:49:30",37.2,35.6,1.9,1.53,1.7,2,1.08,1.59,1.98,2,1.31,1.45,healthy
517,"2024-06-27 13:49:33",36.4,33.5,1.83,1.77,1.48,2,1.45,1.93,1.29,2,1.87,1.74,healthy
518,"2024-06-27 13:49:36",36.2,32,1.31,1.76,1.81,2,1.34,1.58,1.03,2,1.88,1.6,healthy
519,"2024-06-27 13:49:39",33.2,30.4,1.86,1.41,1.26,2,1.6,1.38,1.69,2,1.2,1.18,healthy
520,"2024-06-27 13:49:42",32.3,36.2,1.13,1.22,1.04,2,1.93,1.92,1.73,2,1.14,1.73,healthy
521,"2024-06-27 13:49:45",37.9,30.8,1.97,1.35,1.55,2,1.42,1.84,1.61,2,1.61,1.6,healthy
522,"2024-06-27 13:49:48",36.6,31.1,1.09,1.23,1.27,2,1.16,1.7,1.21,2,1.42,1.68,healthy
523,"2024-06-27 13:49:51",39.2,36.5,1.45,1.77,1.88,2,1.81,1.03,1.4,2,1.64,1.89,healthy
524,"2024-06-27 13:49:54",33.2,33.2,1.81,1.57,1.75,2,1.1,1.44,1.74,2,1.26,1.92,healthy
525,"2024-06-27 13:49:57",36.5,34.4,1.1,1.19,1.4,2,1.29,1.36,1.29,2,1.18,1.42,healthy
526,"2024-06-27 13:50:00",36.1,34.3,1.74,1.69,1.6,2,1.11,1.26,1.04,2,1.52,1.11,healthy
527,"2024-06-27 13:50:03",30.1,30.8,1.32,1.22,1.31,2,1.1,1.96,1.87,2,1.71,1.16,healthy
528,"2024-06-27 13:50:06",34.5,32.1,1.39,1.81,1.95,2,1.78,1.18,1.04,2,1.1,1.86,healthy
529,"2024-06-27 13:50:09",30.7,32.2,1.94,1.99,1.23,2,1.23,1.75,1.52,2,1.67,1.45,healthy
530,"2024-06-27 13:50:12",38.1,39.6,1.7,1.02,1.01,2,1.07,1.9,1.27,2,1.14,1.57,healthy
531,"2024-06-27 13:50:15",33.5,37.4,1.79,1.95,1.74,2,1.66,1.8,1.59,2,1.86,1.08,healthy
532,"2024-06-27 13:50:18",30.9,34.7,1.94,1.84,1.65,2,1.51,1.15,1.48,2,1.66,1.32,healthy
533,"2024-06-27 13:50:21",36.2,34.3,1.15,1.74,1.94,2,1.49,1.56,1.61,2,1.52,1.88,healthy
534,"2024-06-27 13:50:24",39.3,33.8,1.39,1.26,1.84,2,1.43,1.4,1.69,2,1.98,1.25,healthy
535,"2024-06-27 13:50:27",30.9,33.4,1.53,1.53,1.03,2,1.18,1.1,1.53,2,1.89,1.85,healthy
536,"2024-06-27 13:50:30",39.5,34.9,1.14,1.79,1.34,2,1.35,1.42,1.55,2,1.79,1.86,healthy
537,"2024-06-27 13:50:33",38.4,38.7,1.02,1.02,1.71,2,1.37,1.31,1.28,2,1.46,1.86,healthy
538,"2024-06-27 13:50:36",37.6,35.1,1.73,1.51,1.7,2,1.98,1.31,1.49,2,1.52,1.39,healthy
539,"2024-06-27 13:50:39",31.8,31,1.21,1.12,1.25,2,1.49,1.31,1.34,2,1.38,1.08,healthy
540,"2024-06-27 13:50:42",34.1,38.9,1.78,1.96,1.91,2,1.86,1.6,1.08,2,1.07,1.17,healthy
541,"2024-06-27 13:50:45",36.3,31.7,1.65,1.96,1.33,2,1.46,1.8,1.2,2,1.74,1.69,healthy
542,"2024-06-27 13:50:48",34.1,38.2,1.62,1.83,1.19,2,1.28,1.6,1,2,1.54,1.21,healthy
543,"2024-06-27 13:50:51",34.2,30.7,1.53,1.99,1.78,2,1.5,1.13,1.49,2,1.48,1.32,healthy
544,"2024-06-27 13:50:54",37.3,36.4,1.66,1.83,1.9,2,1.33,1.78,1.47,2,1.4,1.32,healthy
545,"2024-06-27 13:50:57",35.7,36.3,1.78,1.78,1.13,2,1.26,1.25,1.03,2,1.83,1.03,healthy
546,"2024-06-27 13:51:00",36.7,36.4,1.84,1.96,1.51,2,1.59,1.85,1.47,2,1.1,1.81,healthy
547,"2024-06-27 13:51:03",37.6,31.2,1.44,1.52,1.53,2,1.19,1.01,1.69,2,1.48,1.73,healthy
548,"2024-06-27 13:51:06",34.5,35,1.88,1.46,1.09,2,1.7,1.14,1.65,2,1.82,1.85,healthy
549,"2024-06-27 13:51:09",37.4,31.6,1.13,1.56,1.88,2,1.37,1.59,1.82,2,1.06,1.75,healthy
550,"2024-06-27 13:51:12",35.5,34.4,1.09,1.46,1.87,2,1.25,1.77,1.48,2,1.01,1.81,healthy
551,"2024-06-27 13:51:15",38.3,38.9,1.42,1.25,1.97,2,1.85,1.92,1.85,2,1.46,1.56,healthy
552,"2024-06-27 13:51:18",39.8,37.4,1.07,1.06,1.8,2,1.41,1.15,1.67,2,1.59,1.68,healthy
553,"2024-06-27 13:51:21",30.6,39.4,1.05,1.32,1.13,2,1.29,1.62,1.65,2,1.02,1.14,healthy
554,"2024-06-27 13:51:24",32.9,32.8,1.25,1.34,1.54,2,1.87,1.13,1.51,2,1.91,1.4,healthy
555,"2024-06-27 13:51:27",39,35.9,1.72,1.2,1.67,2,1.98,1.27,1.12,2,1.3,1.51,healthy
556,"2024-06-27 13:51:30",35.4,38.9,1.69,1.46,1.01,2,1.58,1.03,1.66,2,1.26,1.02,healthy
557,"2024-06-27 13:51:33",38.9,35.4,1.31,1.94,1.56,2,1.69,1.24,1.42,2,1.35,1.89,healthy
558,"2024-06-27 13:51:36",30.4,31.5,1.63,1.06,1.5,2,1.5,1.53,1.94,2,1.65,1.35,healthy
559,"2024-06-27 13:51:39",33.5,30.2,1.84,1.61,1.35,2,1.87,1.89,1.92,2,1.21,1.3,healthy
560,"2024-06-27 13:51:42",39,35.9,1.75,1.58,1.02,2,1.73,1.04,1.93,2,1.16,1.04,healthy
561,"2024-06-27 13:51:45",34.7,32.3,1.84,1.2,1.26,2,1.38,1.67,1.05,2,1.31,1.02,healthy
562,"2024-06-27 13:51:48",38.6,31.7,1.37,1.25,1.48,2,1.67,1.42,1.92,2,1.23,1.36,healthy
563,"2024-06-27 13:51:51",31.9,39,1.8,1.93,1.21,2,1.08,1.29,1.33,2,1.93,1.44,healthy
564,"2024-06-27 13:51:54",38,33.3,1.21,1.68,1.26,2,1.36,1.3,1.55,2,1.28,1.58,healthy
565,"2024-06-27 13:51:57",30.6,39.1,1.92,1.86,1.05,2,1.61,1.93,1.87,2,1.33,1.31,healthy
566,"2024-06-27 13:52:00",31.6,39.3,1.66,1.52,1.99,2,1.45,1.06,1.63,2,1.42,1.51,healthy
567,"2024-06-27 13:52:03",36.9,31.2,1.98,1.21,1.14,2,1.84,1.81,1.68,2,1.89,1.58,healthy
568,"2024-06-27 13:52:06",36.1,30.4,1.87,1.82,1.58,2,1.05,1.77,1.57,2,1.26,1.92,healthy
569,"2024-06-27 13:52:09",38.6,38.6,1.17,1.15,1.58,2,1.26,1.26,1.07,2,1.53,1.84,healthy
570,"2024-06-27 13:52:12",34.3,39.9,1.67,1.9,1.65,2,1.05,1.24,1.67,2,1.49,1.77,healthy
571,"2024-06-27 13:52:15",30.4,36.1,1.67,1.1,1.72,2,1.2,1.04,1.51,2,1.08,1.09,healthy
572,"2024-06-27 13:52:18",36.2,31.2,1.34,1.28,1.23,2,1.3,1.22,1.14,2,1.49,1.64,healthy
573,"2024-06-27 13:52:21",30.1,37.4,1.06,1.45,1.69,2,1.69,1.02,1.12,2,1.34,1.11,healthy
574,"2024-06-27 13:52:24",33.1,34.5,1.74,1.74,1.58,2,1.4,1.54,1.53,2,1.5,1.45,healthy
575,"2024-06-27 13:52:27",37.3,34.8,1.75,1.21,1.1,2,1.93,1.82,1.26,2,1.57,1.88,healthy
576,"2024-06-27 13:52:30",31.6,33.4,1.61,1.71,1.43,2,1.12,1.82,1.1,2,1.88,1.79,healthy
577,"2024-06-27 13:52:33",38.4,39,1.06,1.48,1.45,2,1.99,1.61,1.02,2,1.4,1.16,healthy
578,"2024-06-27 13:52:36",36.8,39.3,1.75,1.9,1.82,2,1.35,1.45,1.44,2,1.96,1.3,healthy
579,"2024-06-27 13:52:39",38.1,39.2,1.75,1.33,1.43,2,1.86,1.72,1.41,2,1.58,1.65,healthy
580,"2024-06-27 13:52:42",39,33.9,1.44,1.48,1.53,2,1.01,1.08,1.5,2,1.11,1.85,healthy
581,"2024-06-27 13:52:45",35.2,39,1.18,1.52,1.71,2,1.68,1.62,1.58,2,1.62,1.07,healthy
582,"2024-06-27 13:52:48",38.3,39.4,1.24,1.41,1.41,2,1.85,1.57,1.76,2,1.36,1.87,healthy
583,"2024-06-27 13:52:51",34,32,1.11,1.49,1.5,2,1.91,1.96,1.76,2,1.55,1.77,healthy
584,"2024-06-27 13:52:54",35.3,33.7,1.32,1.42,1.17,2,1.59,1.88,1.43,2,1.97,1.57,healthy
585,"2024-06-27 13:52:57",37,35.6,1.8,1.51,1.39,2,1.33,1.65,1.2,2,1.78,1.63,healthy
586,"2024-06-27 13:53:00",30.6,38.6,1.9,1.32,1.55,2,1.14,1.95,1.01,2,1.48,1.97,healthy
587,"2024-06-27 13:53:03",39.6,33.8,1.9,1.86,1.75,2,1.66,1.18,1.22,2,1.51,1.01,healthy
588,"2024-06-27 13:53:06",32.3,38.7,1.2,1.3,1.24,2,1.22,1.61,1.63,2,1.57,1.57,healthy
589,"2024-06-27 13:53:09",36.2,34.9,1.42,1.8,1.95,2,1.95,1.68,1.63,2,1.07,1.38,healthy
590,"2024-06-27 13:53:12",38,31.4,1.68,1.86,1.76,2,1.59,1.69,1.6,2,1.75,1.44,healthy
591,"2024-06-27 13:53:15",32,38.2,1.54,1.88,1.43,2,1.33,1.43,1.39,2,1.69,1.38,healthy
592,"2024-06-27 13:53:18",33.4,38.4,1.79,1.35,1.8,2,1.86,1.04,1.73,2,1.37,1.55,healthy
593,"2024-06-27 13:53:21",38.1,30.6,1.24,1.04,1.1,2,1.18,1.25,1.87,2,1.29,1.55,healthy
594,"2024-06-27 13:53:24",30.9,36.3,1.96,1.25,1.89,2,1.79,1.5,1.25,2,1.25,1.38,healthy
595,"2024-06-27 13:53:27",36.3,31.7,1.28,1.74,1.21,2,1.59,1.83,1.91,2,1.84,1.82,healthy
596,"2024-06-27 13:53:30",35.7,32.8,1.4,1.53,1.03,2,1.46,1.63,1.17,2,1.27,1.56,healthy
597,"2024-06-27 13:53:33",38.2,36.4,1.76,1.63,1.84,2,1.72,1.29,1.74,2,1.41,1.9,healthy
598,"2024-06-27 13:53:36",33.7,37.7,1.34,1.19,1.33,2,1.86,1.89,1.02,2,1.77,1.76,healthy
599,"2024-06-27 13:53:39",30.3,37.5,1.91,1.61,1.51,2,1.03,1.09,1.02,2,1.01,1.85,healthy
600,"2024-06-27 13:53:42",32.7,31.5,1.47,1.75,1.45,2,1.25,1.37,1.61,2,1.75,1.41,healthy
601,"2024-06-27 13:53:45",32.8,36.9,1.41,1.09,1.42,2,1.23,1.82,1.89,2,1.73,1.95,healthy
602,"2024-06-27 13:53:48",36,34,1.14,1.78,1.44,2,1.06,1.12,1.24,2,1.65,1.27,healthy
603,"2024-06-27 13:53:51",33.1,37.3,1.12,1.54,1.47,2,1.65,1.31,1.47,2,1.26,1.87,healthy
604,"2024-06-27 13:53:54",33.1,39.1,1.55,1.78,1.61,2,1.42,1.01,1.9,2,1.07,1.72,healthy
605,"2024-06-27 13:53:57",32.1,34.7,1.44,1.75,1.96,2,1.86,1.25,1.02,2,1.88,1.83,healthy
606,"2024-06-27 13:54:00",39.5,39.4,1.75,1.63,1.43,2,1.39,1.42,1.54,2,1.49,1.74,healthy
607,"2024-06-27 13:54:03",31.5,39.2,1.51,1.65,1.72,2,1.51,1.18,1.9,2,1.44,1.61,healthy
608,"2024-06-27 13:54:06",30.6,36,1.44,1.25,1.22,2,1.84,1.99,1.1,2,1.26,1.14,healthy
609,"2024-06-27 13:54:09",38.9,32.4,1.18,1.48,1.67,2,1.32,1.45,1.34,2,1.19,1.49,healthy
610,"2024-06-27 13:54:12",35.2,32.3,1.82,1.2,1.82,2,1.08,1.98,1.44,2,1.13,1.93,healthy
611,"2024-06-27 13:54:15",38,33,1.29,1.6,1.31,2,1.95,1.83,1.69,2,1.84,1.48,healthy
612,"2024-06-27 13:54:18",33.8,33.4,1.75,1.29,1.33,2,1.75,1.2,1.82,2,1.15,1.79,healthy
613,"2024-06-27 13:54:21",30.1,35.3,1.06,1.94,1.05,2,1.81,1.07,1.46,2,1.3,1.2,healthy
614,"2024-06-27 13:54:24",37.2,38.2,1.42,1.05,1.4,2,1.04,1.1,1.86,2,1.07,1.41,healthy
615,"2024-06-27 13:54:27",33.1,32.6,1.42,1.58,1.96,2,1.8,1.19,1.28,2,1.14,1.14,healthy
616,"2024-06-27 13:54:30",38.7,35.7,1.67,1.29,1.76,2,1.28,1.5,1.74,2,1.2,1.68,healthy
617,"2024-06-27 13:54:33",38.4,30.3,1.29,1.69,1.59,2,1.52,1.05,1.2,2,1.62,1.83,healthy
618,"2024-06-27 13:54:36",37.1,34.3,1.75,1.26,1.3,2,1.83,1.27,1.03,2,1.45,1.23,healthy
619,"2024-06-27 13:54:39",34.9,32.5,1.42,1.76,1.05,2,1.02,1.12,1.46,2,1.6,1.71,healthy
620,"2024-06-27 13:54:42",35.9,32.7,1.95,1.6,1.2,2,1.19,1.19,1.19,2,1.6,1.64,healthy
621,"2024-06-27 13:54:45",33.7,32.2,1.76,1.93,1.97,2,1.92,1.39,1.21,2,1.19,1.65,healthy
622,"2024-06-27 13:54:48",34.3,31.1,1.97,1.53,1.2,2,1.46,1.67,1.97,2,1.7,1.31,healthy
623,"2024-06-27 13:54:51",34.3,32.7,1.16,1.98,1.8,2,1.31,1.41,1.93,2,1.56,1.26,healthy
624,"2024-06-27 13:54:54",33.1,36.7,1.47,1.47,1.71,2,1.78,1.24,1.04,2,1.01,1.31,healthy
625,"2024-06-27 13:54:57",38,31,1.07,1.14,1.53,2,1,1.92,1.36,2,1.65,1.08,healthy
626,"2024-06-27 13:55:00",32.9,36.1,1.11,1.76,1.91,2,1.35,1.11,1.11,2,1.47,1.94,healthy
627,"2024-06-27 13:55:03",39.8,30.7,1.45,1.31,1.21,2,1.52,1.36,1.71,2,1.66,1.82,healthy
628,"2024-06-27 13:55:06",33.1,37.3,1.24,1.84,1.79,2,1.53,1.28,1.29,2,1.26,1.94,healthy
629,"2024-06-27 13:55:09",34.5,38.5,1.73,1.2,1.56,2,1.79,1.64,1.71,2,1.89,1.04,healthy
630,"2024-06-27 13:55:12",40,34.5,1.21,1.03,1.21,2,1.63,1.29,1.49,2,1.87,1.51,healthy
631,"2024-06-27 13:55:15",33.3,35.8,1.12,1.02,1.18,2,1.42,1.11,1.88,2,1.46,1.59,healthy
632,"2024-06-27 13:55:18",38.4,37.9,1.84,1.95,1.35,2,1.18,1.52,1.85,2,1.57,1.74,healthy
633,"2024-06-27 13:55:21",36.5,30.1,1.56,1.84,1.07,2,1.36,1.23,1.96,2,1.27,1.17,healthy
634,"2024-06-27 13:55:24",30.1,35.1,1.31,1.5,1.05,2,1.71,1.49,1.29,2,1.97,1.05,healthy
635,"2024-06-27 13:55:27",39.3,31,1.92,1.86,1.5,2,1.01,1.04,1.44,2,1.76,1.95,healthy
636,"2024-06-27 13:55:30",34.9,37.3,1.26,1.91,1.95,2,1.27,1.23,1.33,2,1.06,1.22,healthy
637,"2024-06-27 13:55:33",39.1,35.3,1.45,1.14,1.06,2,1.07,1.43,1.93,2,1.21,1.53,healthy
638,"2024-06-27 13:55:36",36.7,30.7,1.54,1.6,1.99,2,1.92,1.05,1.08,2,1.56,1.94,healthy
639,"2024-06-27 13:55:39",35.2,30.8,1.54,1.97,1.37,2,1.43,1.6,1.25,2,1.95,1.86,healthy
640,"2024-06-27 13:55:42",31.2,33.1,1.43,1.48,1.82,2,1.55,1.98,1.12,2,1.21,1.29,healthy
641,"2024-06-27 13:55:45",30.8,39.1,1.86,1.31,1.31,2,1.29,1.88,1.42,2,1.1,1.98,healthy
642,"2024-06-27 13:55:48",34.2,35.6,1.06,1.74,1.13,2,1.02,1.94,1.77,2,1.11,1.58,healthy
643,"2024-06-27 13:55:51",32.2,34.8,1.05,1.2,1.44,2,1.24,1.11,1.72,2,1.35,1.35,healthy
644,"2024-06-27 13:55:54",36.5,32.2,1.67,1.63,1.94,2,1.82,1.83,1.15,2,1.85,1.24,healthy
645,"2024-06-27 13:55:57",30.2,36.1,1.51,1.6,1.09,2,1.89,1.28,1.76,2,1.7,1.94,healthy
646,"2024-06-27 13:56:00",33.7,30.7,1.85,1.94,1.21,2,1.68,1.97,1.92,2,1.03,1.6,healthy
647,"2024-06-27 13:56:03",36.8,32.4,1.15,1.76,1.14,2,1.87,1.52,1.32,2,1.61,1.05,healthy
648,"2024-06-27 13:56:06",34.8,34.5,1.56,1.14,1.23,2,1.5,1.32,1.17,2,1.34,1.73,healthy
649,"2024-06-27 13:56:09",35.3,38.2,1.82,1.86,1.69,2,1.72,1.87,1.53,2,1.86,1.18,healthy
650,"2024-06-27 13:56:12",34.7,33,1.73,1.01,1.41,2,1.25,1.15,1.47,2,1.61,1.56,healthy
651,"2024-06-27 13:56:15",36.7,39.8,2,1.61,1.57,2,1.48,1.48,1.92,2,1.37,1.52,healthy
652,"2024-06-27 13:56:18",35.4,34.9,1.02,1.35,1.9,2,1.1,1.24,1.15,2,1.33,1.62,healthy
653,"2024-06-27 13:56:21",33.5,36.4,1.33,1.03,1.71,2,1.04,1.25,1.81,2,1.47,1.82,healthy
654,"2024-06-27 13:56:24",35.9,32.1,1.36,1.07,1.84,2,1.91,1.8,1.4,2,1.95,1.22,healthy
655,"2024-06-27 13:56:27",36,37.3,1.51,1.99,1.94,2,1.49,1.8,1.74,2,1.43,1.77,healthy
656,"2024-06-27 13:56:30",34.4,31.9,1.59,1.67,1.48,2,1.53,1.63,1.29,2,1.65,1.09,healthy
657,"2024-06-27 13:56:33",39.3,39.8,1.98,1.02,1.84,2,1.82,1.64,1.35,2,1.58,1.19,healthy
658,"2024-06-27 13:56:36",37.1,39.2,1.98,1.18,1.22,2,1.72,1.75,1.99,2,1.87,1.46,healthy
659,"2024-06-27 13:56:39",37.6,35.4,1.48,1.38,1.51,2,1.24,1.65,1.02,2,1.54,1.33,healthy
660,"2024-06-27 13:56:42",33.1,38.3,1.72,1.29,1.53,2,1.55,1.01,1.16,2,1.77,1.47,healthy
661,"2024-06-27 13:56:45",34.4,34.3,1.34,1.93,1.38,2,1.28,1.91,1.27,2,2,1.29,healthy
662,"2024-06-27 13:56:48",30.6,32.3,1.71,1.7,1.19,2,1.35,1.45,1.85,2,1.85,1.56,healthy
663,"2024-06-27 13:56:51",32.4,33.5,1.48,1.64,1.09,2,1.78,1.05,1.83,2,1.29,1.26,healthy
664,"2024-06-27 13:56:54",34.8,31.2,1.99,1.08,1.21,2,1.77,1.41,1.09,2,1.31,1.02,healthy
665,"2024-06-27 13:56:57",38.8,31.6,1.37,1.23,1.11,2,1.59,1.14,1.49,2,1.55,1.96,healthy
666,"2024-06-27 13:57:00",32.8,37.8,1.89,1.37,1.6,2,1.24,1.1,1.16,2,1.32,1.22,healthy
667,"2024-06-27 13:57:03",32.9,35.6,1.39,1.27,1.8,2,1.8,1.99,1.47,2,1.61,1.33,healthy
668,"2024-06-27 13:57:06",33.2,36.9,1.54,1.18,1.09,2,1.75,1.67,1.07,2,1.38,1.22,healthy
669,"2024-06-27 13:57:09",32.6,38.6,1.26,1.05,1.1,2,1.87,1.32,1.87,2,1.63,1.58,healthy
670,"2024-06-27 13:57:12",31.1,35.1,1.71,1.73,1.48,2,1.63,1.03,1.54,2,1.38,1.11,healthy
671,"2024-06-27 13:57:15",30.8,36.6,1.75,1.4,1.01,2,1.01,1.82,1.07,2,1.97,1.27,healthy
672,"2024-06-27 13:57:18",34.6,38,1.37,1.96,1.94,2,1.26,1.76,1.79,2,1.65,1.02,healthy
673,"2024-06-27 13:57:21",37,33.8,1.84,1.37,1.47,2,1.14,1.98,1.54,2,1.45,1.74,healthy
674,"2024-06-27 13:57:24",36.9,39.8,1.13,1.96,1.09,2,1.14,1.1,1.18,2,1.82,1.09,healthy
675,"2024-06-27 13:57:27",36.1,35.4,1.65,1.51,1.26,2,1.79,1.02,1.25,2,1.2,1.86,healthy
676,"2024-06-27 13:57:30",35.7,39.8,1.29,1.77,1.3,2,1.92,1.24,1.3,2,1.03,1.98,healthy
677,"2024-06-27 13:57:33",37.8,38.9,1.33,1.53,1.22,2,1.92,1.94,1.98,2,1.26,1.71,healthy
678,"2024-06-27 13:57:36",30.1,35.8,1.55,1.42,1.23,2,1.94,1.26,1.81,2,1.5,1.32,healthy
679,"2024-06-27 13:57:39",36.8,35.7,1.13,1.63,1.12,2,1.41,1.58,1.53,2,1.98,1.11,healthy
680,"2024-06-27 13:57:42",33.4,39.8,1.8,1.02,1.55,2,1.85,1.57,1.28,2,1.19,1.51,healthy
681,"2024-06-27 13:57:45",35,30.3,1.56,1.52,1.79,2,1.98,1.2,1.07,2,1.96,1.24,healthy
682,"2024-06-27 13:57:48",35.9,36.3,1.73,1.14,1.59,2,1.11,1.92,1.89,2,1.96,1.77,healthy
683,"2024-06-27 13:57:51",33.2,35.5,1.52,1.68,1.37,2,1.14,1.83,1.14,2,1.09,1.11,healthy
684,"2024-06-27 13:57:54",31.7,31.6,1.88,1.22,1.4,2,1.38,1.85,1.78,2,1.92,1.86,healthy
685,"2024-06-27 13:57:57",37.4,39,1.61,1.54,1.17,2,1.87,1.8,1.31,2,1.7,1.98,healthy
686,"2024-06-27 13:58:00",39.4,37.7,1.82,1.37,1.29,2,1.9,1.46,1.76,2,1.94,1.08,healthy
687,"2024-06-27 13:58:03",34.8,36.9,1.87,1.34,1.14,2,1.41,1.94,1.12,2,1.04,1.84,healthy
688,"2024-06-27 13:58:06",36.5,36.6,1.52,1.57,1,2,1.02,1.18,1.51,2,1.49,1.35,healthy
689,"2024-06-27 13:58:09",38.2,36.5,1.04,1.07,1.3,2,1.52,1.38,1.33,2,1.93,1.08,healthy
690,"2024-06-27 13:58:12",34.3,34.7,1.43,1.94,1.53,2,1.98,1.68,1.9,2,1.72,1.43,healthy
691,"2024-06-27 13:58:15",30.9,35.2,1.99,1.16,1.3,2,1.88,1.22,1.61,2,1.4,1.66,healthy
692,"2024-06-27 13:58:18",35.6,38.4,1.73,1.85,1.74,2,1.22,1.06,1.7,2,1.08,1.76,healthy
693,"2024-06-27 13:58:21",37.6,36,1.87,1.45,1.45,2,1.24,1.96,1.46,2,1.02,1.93,healthy
694,"2024-06-27 13:58:24",35.3,35.2,1.72,1.35,1.87,2,1.48,1.37,1.65,2,1.17,1.11,healthy
695,"2024-06-27 13:58:27",38.2,33.8,1.63,1.79,1.24,2,1.25,1.53,1.21,2,1.42,1.65,healthy
696,"2024-06-27 13:58:30",33.2,32.8,1.89,1.62,1.73,2,1.97,1.68,1.61,2,1.51,1.27,healthy
697,"2024-06-27 13:58:33",39.4,36,1.01,1.12,1.09,2,1.32,1.7,1.01,2,1.02,1.34,healthy
698,"2024-06-27 13:58:36",37.5,36.3,1.14,1.67,1.41,2,1.22,1.31,1.68,2,1.6,1.43,healthy
699,"2024-06-27 13:58:39",39.5,34.5,1.69,1.34,1.84,2,1.27,1.35,1,2,1.95,1.46,healthy
700,"2024-06-27 13:58:42",36.1,34.9,1.37,1.76,1.3,2,1.74,1.16,1.89,2,1.88,1.24,healthy
701,"2024-06-27 13:58:45",34.4,36.4,1.58,1.45,1.91,2,1.52,1.81,1.15,2,1.09,1.67,healthy
702,"2024-06-27 13:58:48",39.7,39.5,1.12,1.98,1.36,2,1.13,1.33,1.71,2,1.05,1.4,healthy
703,"2024-06-27 13:58:51",31.1,39.4,1.02,1.28,1.4,2,1.31,1.97,1.48,2,1.26,1.46,healthy
704,"2024-06-27 13:58:54",33.1,38.4,1.58,1.72,1.43,2,1.49,1.44,1.93,2,1.36,1.24,healthy
705,"2024-06-27 13:58:57",38.8,30.6,1.6,1.61,1.96,2,1.06,1.78,1,2,1.68,1.12,healthy
706,"2024-06-27 13:59:00",38.1,36.6,1.34,1.82,1.68,2,1.61,1.96,1.67,2,1.59,1.69,healthy
707,"2024-06-27 13:59:03",34.7,34.1,1.42,1.51,1.14,2,1.54,1.37,1.63,2,1.67,1.41,healthy
708,"2024-06-27 13:59:06",39,37.8,1.42,1.83,1.88,2,1.18,1.03,1.22,2,1.09,1.52,healthy
709,"2024-06-27 13:59:09",34.6,35.7,1.87,1.1,1.78,2,1.14,1.62,1.37,2,1.71,1.43,healthy
710,"2024-06-27 13:59:12",39.5,35.3,1.54,1.2,1.69,2,1.67,1.86,1.85,2,1.23,1.36,healthy
711,"2024-06-27 13:59:15",39.9,38.1,1.99,1.62,1.9,2,1.18,1.67,1.89,2,1.4,1.41,healthy
712,"2024-06-27 13:59:18",37.7,37.9,1.73,1.88,1.12,2,1.07,1.4,1.37,2,1.12,1.25,healthy
713,"2024-06-27 13:59:21",35.7,32.8,1.87,1.48,1.53,2,1.68,1.94,1.78,2,1.51,1.33,healthy
714,"2024-06-27 13:59:24",32.8,36.8,1.96,1.59,1.72,2,1.03,1.77,1.16,2,1.83,1.52,healthy
715,"2024-06-27 13:59:27",37.8,35.8,1.1,1.52,1.19,2,1.32,1.84,1.84,2,1.16,1.9,healthy
716,"2024-06-27 13:59:30",32.7,33.7,1.59,1.67,1.54,2,1.23,1.77,1.25,2,1.06,1.67,healthy
717,"2024-06-27 13:59:33",37,38.7,1.09,1.58,1.77,2,1.24,1.59,1.97,2,1.63,1.76,healthy
718,"2024-06-27 13:59:36",37,36.4,1.99,1.55,1.86,2,1.5,1.9,1.97,2,1.86,1.88,healthy
719,"2024-06-27 13:59:39",37,37.3,1.02,1.57,1.12,2,1.01,1.52,1.37,2,1.79,1.92,healthy
720,"2024-06-27 13:59:42",39.4,34.2,1.36,1.61,1.45,2,1.47,1.32,1.7,2,1.64,1.79,healthy
721,"2024-06-27 13:59:45",38,31.7,1.11,1.35,1.35,2,1.67,1.09,1.39,2,1.92,1.34,healthy
722,"2024-06-27 13:59:48",30.8,30.1,1.19,1.88,1.79,2,1.45,1.3,1.62,2,1.29,1.7,healthy
723,"2024-06-27 13:59:51",34.4,36.2,1.24,1.62,1.64,2,1.06,1.1,1.82,2,1.51,1.83,healthy
724,"2024-06-27 13:59:54",32.3,31.8,1.57,1.7,1.13,2,1.7,1.65,1.4,2,1.11,1.53,healthy
725,"2024-06-27 13:59:57",33.4,35.4,1.94,1.48,1.46,2,1.89,1.27,1.19,2,1.51,1.32,healthy
726,"2024-06-27 14:00:00",37.3,36.5,1.41,1.18,1.8,2,1.46,1.14,1.17,2,1.96,1.58,healthy
727,"2024-06-27 14:00:03",34.3,35.2,1.39,1.15,1.24,2,1.23,1.26,1.13,2,1.42,1.5,healthy
728,"2024-06-27 14:00:06",31.5,32.1,1.82,1.98,1.71,2,1.31,1.96,1.72,2,1.65,1.55,healthy
729,"2024-06-27 14:00:09",34.7,35.3,1.6,1.76,1.22,2,1.6,1.94,1.58,2,1.52,1.42,healthy
730,"2024-06-27 14:00:12",33.1,32.3,1.15,1.48,1.65,2,1.25,1.89,1.23,2,1.29,1.66,healthy
731,"2024-06-27 14:00:15",35.6,38.7,1.15,1.68,1.9,2,1.95,1.65,1.81,2,1.65,1.55,healthy
732,"2024-06-27 14:00:18",33.5,39.4,1.68,1.93,1.94,2,1.11,1.78,1.8,2,1.88,1.78,healthy
733,"2024-06-27 14:00:21",38.8,35.1,1.36,1.39,1.27,2,1.44,1.47,1.69,2,1.84,1.91,healthy
734,"2024-06-27 14:00:24",36.2,36.7,1.31,1.16,1.73,2,1.84,1.68,1.03,2,1.74,1.96,healthy
735,"2024-06-27 14:00:27",39.3,32.1,1.77,1.63,1.06,2,1.72,1.59,1.36,2,1.28,1.02,healthy
736,"2024-06-27 14:00:30",34.9,38.4,1.04,1.77,1.36,2,1.38,1.15,1.33,2,1.58,1.93,healthy
737,"2024-06-27 14:00:33",39.8,34.2,1.46,1.61,1.48,2,1.31,1.71,1.38,2,1.27,1.9,healthy
738,"2024-06-27 14:00:36",39.7,36.3,1.84,1.81,1.28,2,1.26,1.03,1.97,2,1.23,1.98,healthy
739,"2024-06-27 14:00:39",31.6,34.7,1.72,1.85,1.99,2,1.89,1.51,1.4,2,1.03,1.64,healthy
740,"2024-06-27 14:00:42",33.8,34.2,1.21,1.6,1.81,2,1.37,1.65,1.17,2,1.28,1.98,healthy
741,"2024-06-27 14:00:45",31,38.4,1.03,1.57,1.35,2,1.76,1.29,1.2,2,1.92,1.06,healthy
742,"2024-06-27 14:00:48",31,33.6,1.28,1.35,1.81,2,1.97,1.5,1.87,2,1.4,1.33,healthy
743,"2024-06-27 14:00:51",33.2,36.8,1.88,1.1,1.97,2,1.99,1.77,1.55,2,1.63,1.53,healthy
744,"2024-06-27 14:00:54",33.3,35.4,1.71,1.96,1.97,2,1.95,1.31,1.21,2,1.83,1.95,healthy
745,"2024-06-27 14:00:57",38.7,39.7,1.15,1.74,1.64,2,1.47,1.73,1.54,2,1.19,1.83,healthy
746,"2024-06-27 14:01:00",37.4,32.2,1.3,1.9,1.26,2,1.54,1.45,1.03,2,1.98,1.33,healthy
747,"2024-06-27 14:01:03",30.7,33.1,1.98,1.61,1.81,2,1.16,1.13,1.53,2,1.75,1.45,healthy
748,"2024-06-27 14:01:06",37.3,36.9,1.49,1.24,1.7,2,1.83,1.42,1.1,2,1.66,1.89,healthy
749,"2024-06-27 14:01:09",37.1,38.9,1.04,1.66,1.26,2,1.27,1.65,1.7,2,1.24,1.12,healthy
750,"2024-06-27 14:01:12",38.3,35.7,1.66,1.72,1.91,2,1.7,1.05,1.31,2,1.56,1.27,healthy
751,"2024-06-27 14:01:15",30.6,33.1,1.09,1.07,1.39,2,1.8,1.5,1.87,2,1.26,1.66,healthy
752,"2024-06-27 14:01:18",35.2,37.4,1.53,1.56,1.11,2,1.76,1.61,1.25,2,1.91,1.23,healthy
753,"2024-06-27 14:01:21",36.7,39.1,1.35,1.19,1.54,2,1.2,1.08,1.01,2,1.58,1.51,healthy
754,"2024-06-27 14:01:24",38.9,33.4,1.03,1.47,1.94,2,1.21,1.24,1.23,2,1.29,1.47,healthy
755,"2024-06-27 14:01:27",34,32.4,1.09,1.2,1.46,2,1.5,1.07,1.99,2,1.56,1.84,healthy
756,"2024-06-27 14:01:30",31.3,36.3,1.87,1.9,1.41,2,1.56,1.73,1.55,2,1.34,1.02,healthy
757,"2024-06-27 14:01:33",36.1,38.9,1.19,1.94,1.51,2,1.74,1.98,1.42,2,1.77,1.71,healthy
758,"2024-06-27 14:01:36",32.5,31.8,1.8,1.66,1.17,2,1.58,1.38,1.89,2,1.45,1.24,healthy
759,"2024-06-27 14:01:39",36.1,37.1,1.14,1.44,1.6,2,1.1,1.45,1.64,2,1.62,1.93,healthy
760,"2024-06-27 14:01:42",30.3,34.4,1.53,1.8,1.38,2,1.69,1.73,1.72,2,1.46,1.14,healthy
761,"2024-06-27 14:01:45",37.6,31.1,1.61,1.14,1.79,2,1.64,1.71,1.86,2,1.89,1.76,healthy
762,"2024-06-27 14:01:48",37.8,36,1.84,1.86,2,2,1.75,1.77,1.01,2,1.74,1.61,healthy
763,"2024-06-27 14:01:51",33.5,36.6,1.94,1.63,1.1,2,1.52,1.18,1.02,2,1.55,1.8,healthy
764,"2024-06-27 14:01:54",35.8,32.7,1.21,1.83,1.55,2,1.65,1.39,1.8,2,1.06,1.79,healthy
765,"2024-06-27 14:01:57",30,31,1.19,1.39,1.41,2,2,1.09,1.19,2,1.49,1.83,healthy
766,"2024-06-27 14:02:00",31.2,31.6,1.96,1.03,1.62,2,1.92,1.47,1.73,2,1.38,1.74,healthy
767,"2024-06-27 14:02:03",38.7,36,1.34,1.75,1.08,2,1.93,1.19,1.18,2,1.44,1.91,healthy
768,"2024-06-27 14:02:06",33.2,34.6,1.62,1.34,1.95,2,1.94,1.82,1.47,2,1.53,1.2,healthy
769,"2024-06-27 14:02:09",33.2,35.2,1.98,1.34,1.39,2,1.95,1.55,1.07,2,2,1.97,healthy
770,"2024-06-27 14:02:12",37.5,37.3,1.75,1.04,1.66,2,1.47,1.37,1.59,2,1.73,1.02,healthy
771,"2024-06-27 14:02:15",36.7,35.4,1.93,1.14,1.59,2,1.38,1.85,1.81,2,1.66,1.03,healthy
772,"2024-06-27 14:02:18",39.8,30.5,1.13,1.91,1.59,2,1.38,1.79,1.78,2,1.32,1.84,healthy
773,"2024-06-27 14:02:21",31.2,34.8,1.38,1.28,1.81,2,1.82,1.34,1.8,2,1.22,1.96,healthy
774,"2024-06-27 14:02:24",30.9,32.4,1.44,1.93,1.41,2,1.88,1.8,1.89,2,1.93,1.72,healthy
775,"2024-06-27 14:02:27",31,37.4,1.69,1.48,1.08,2,1.3,1.96,1.36,2,1.19,1.97,healthy
776,"2024-06-27 14:02:30",36.2,30.1,1.2,1.11,1.18,2,1.71,1.7,1.53,2,1.89,2,healthy
777,"2024-06-27 14:02:33",34.1,37.7,1.58,1.55,1.75,2,1.85,1.82,1.91,2,1.1,1.09,healthy
778,"2024-06-27 14:02:36",34.5,32.3,1.53,1.89,1.08,2,1.03,1.51,1.99,2,1.93,1.71,healthy
779,"2024-06-27 14:02:39",37.3,33,1.69,1.67,1.74,2,1.01,1.14,1.17,2,1.77,1.96,healthy
780,"2024-06-27 14:02:42",35.7,31.9,1.98,1.24,1.39,2,1.25,1.14,1.49,2,1.07,1.67,healthy
781,"2024-06-27 14:02:45",35.1,35.8,1.29,1.59,1.75,2,1.35,1.57,1.14,2,1.6,1.11,healthy
782,"2024-06-27 14:02:48",39.3,32,1.57,1.4,1.63,2,1.88,1,1.86,2,1.85,1.96,healthy
783,"2024-06-27 14:02:51",32.3,36.7,1.25,1.63,1.53,2,1.55,1.75,1.23,2,1.53,1.63,healthy
784,"2024-06-27 14:02:54",38.2,39.1,1.61,1.14,1.37,2,1.39,1.17,1.5,2,1.9,1.51,healthy
785,"2024-06-27 14:02:57",35.8,38.2,1.07,1.38,1.7,2,1.92,1.04,1.24,2,1.57,1.57,healthy
786,"2024-06-27 14:03:00",32.3,35.5,1.88,1.35,1.53,2,1.62,1.69,1.04,2,1.17,1.62,healthy
787,"2024-06-27 14:03:03",33.7,37.8,1.97,1.8,1.13,2,1.21,1.44,1.09,2,1.93,1.4,healthy
788,"2024-06-27 14:03:06",32.5,35.2,1.39,1.72,1.71,2,1.37,1.85,1.7,2,1.17,1.99,healthy
789,"2024-06-27 14:03:09",38.1,35.9,1.43,1.95,1.27,2,1.37,1.92,1.96,2,1.96,1.09,healthy
790,"2024-06-27 14:03:12",32.6,37.1,1.36,1.14,1.91,2,1.15,1.71,1.46,2,1.75,1.17,healthy
791,"2024-06-27 14:03:15",35.1,35.1,1.43,1.34,1.46,2,1.35,1.8,1.75,2,1.6,1.57,healthy
792,"2024-06-27 14:03:18",35.4,36,1.87,1.85,1.03,2,1.26,1.71,1.59,2,1.16,1.74,healthy
793,"2024-06-27 14:03:21",35.7,32.9,1.2,1.46,1.76,2,1.1,1.71,1.49,2,1.86,1.79,healthy
794,"2024-06-27 14:03:24",36.3,34.4,1.72,1.17,1.21,2,1.58,1.92,1.73,2,1.63,1.6,healthy
795,"2024-06-27 14:03:27",34,39.9,1.33,1.49,1.86,2,1.2,1.25,1.04,2,1,1.79,healthy
796,"2024-06-27 14:03:30",36,32.8,1.19,1.47,1.37,2,1.95,1.37,1.45,2,1.75,1.37,healthy
797,"2024-06-27 14:03:33",31.7,35.6,1.78,1.56,1.74,2,1.65,1.67,1.58,2,1.33,1.75,healthy
798,"2024-06-27 14:03:36",31.1,35.7,1.32,1.92,1.48,2,1.72,1.23,1.99,2,1.09,1.71,healthy
799,"2024-06-27 14:03:39",39.4,36.8,1.96,1.61,1.52,2,1.48,1.08,1.46,2,1.81,1.69,healthy
800,"2024-06-27 14:03:42",36,39,1.18,1.92,1.46,2,1.4,1.27,1.1,2,1.08,1.32,healthy
801,"2024-06-27 14:03:45",30.4,39.8,1.46,1.07,1.43,2,1.25,1.67,1.97,2,1.95,1.65,healthy
802,"2024-06-27 14:03:48",36.4,35,1.14,1.03,1.2,2,1.35,1.34,1.84,2,1.73,1.02,healthy
803,"2024-06-27 14:03:51",38.2,33.4,1.73,1.34,1.69,2,1.07,1.45,1.01,2,1.44,1.57,healthy
804,"2024-06-27 14:03:54",37.9,33.6,1.64,1.15,1.05,2,1.94,1.08,1.63,2,1.31,1.32,healthy
805,"2024-06-27 14:03:57",38.1,37.1,1.31,1.78,1.79,2,1.65,1.68,1.97,2,1.51,1.92,healthy
806,"2024-06-27 14:04:00",32.2,36.4,1.91,2,1.82,2,1.91,1.07,1.29,2,1.11,1.85,healthy
807,"2024-06-27 14:04:03",36.6,38.6,1.94,1.33,1.63,2,1.43,1.36,1.55,2,1.97,1.17,healthy
808,"2024-06-27 14:04:06",31.2,39.9,1.41,1.06,1.96,2,1.05,1.92,1.54,2,1.97,1.62,healthy
809,"2024-06-27 14:04:09",38.9,32.7,1.55,1.72,1.3,2,1.97,1.19,1.11,2,1.55,1.25,healthy
810,"2024-06-27 14:04:12",35.3,37.3,1.58,1.94,1.06,2,1.62,1.99,1.01,2,1.54,1.37,healthy
811,"2024-06-27 14:04:15",31,30.5,1.91,1.02,1.11,2,1.53,1.05,1.7,2,1.29,1.37,healthy
812,"2024-06-27 14:04:18",32.8,37.2,1.43,1.49,1.54,2,1.85,1.08,1.42,2,1.53,1.23,healthy
813,"2024-06-27 14:04:21",33,38.2,1.63,1.19,1.71,2,1.51,1.46,1.26,2,1.77,1.8,healthy
814,"2024-06-27 14:04:24",32.9,36.4,1.02,1.2,1.27,2,1.86,1.87,1.9,2,2,1.95,healthy
815,"2024-06-27 14:04:27",31.5,34.6,2,1.74,1.37,2,1.98,1.89,1.97,2,1.73,1.07,healthy
816,"2024-06-27 14:04:30",31.8,33.3,1.95,1.21,1.58,2,1.9,1.15,1.12,2,1.54,1.23,healthy
817,"2024-06-27 14:04:33",36.6,36.7,1.7,1.41,1.34,2,1.87,1.37,1.63,2,1.32,1.22,healthy
818,"2024-06-27 14:04:36",37.2,32,1.34,1.22,1.97,2,1.56,1.57,1.16,2,1.63,1.8,healthy
819,"2024-06-27 14:04:39",34.3,38.4,1.1,1.41,1.4,2,1.57,1.88,1.69,2,1.98,1.37,healthy
820,"2024-06-27 14:04:42",31.5,35.5,1.99,1.07,1.74,2,1.7,1.95,1.16,2,1.57,1.09,healthy
821,"2024-06-27 14:04:45",30.1,31.6,1.52,1.27,1.11,2,1.63,1.07,1.21,2,1.51,1.21,healthy
822,"2024-06-27 14:04:48",38.7,39.4,1.21,1.17,1.66,2,1.14,1.44,1.37,2,1.78,1.94,healthy
823,"2024-06-27 14:04:51",38.5,37.7,1.51,1.06,1.45,2,1.95,1.17,1.48,2,1.57,1.85,healthy
824,"2024-06-27 14:04:54",34.3,33.7,1.44,1.4,1.86,2,1.17,1.49,1.75,2,1.12,1.21,healthy
825,"2024-06-27 14:04:57",33.6,39.2,1.55,1.51,1.72,2,1,1.34,1.39,2,1.44,1.86,healthy
826,"2024-06-27 14:05:00",35.5,35.5,1.36,1.66,1.47,2,1.27,1.93,1.33,2,1.78,1.84,healthy
827,"2024-06-27 14:05:03",34.6,38.6,1.49,1.53,1.79,2,1.98,1.46,1.69,2,1.67,1.61,healthy
828,"2024-06-27 14:05:06",31.8,35.2,1.12,1.45,1.34,2,1.7,1.85,1.56,2,1.9,1.92,healthy
829,"2024-06-27 14:05:09",37.6,34.1,1.76,1.35,1.15,2,1.81,1.51,1.89,2,1.87,1.81,healthy
830,"2024-06-27 14:05:12",33.8,35.9,1.55,1.81,1.31,2,1.77,1.93,1.89,2,1.14,1.91,healthy
831,"2024-06-27 14:05:15",34.3,32.8,1.91,1.16,1.1,2,1.28,1.75,1.06,2,1.36,1.29,healthy
832,"2024-06-27 14:05:18",34.4,30.9,1.7,1.28,1.79,2,1.53,1.65,1.9,2,1.35,1.87,healthy
833,"2024-06-27 14:05:21",31.2,35,1.97,1.3,1.74,2,1.69,1.19,1.78,2,1.24,1.73,healthy
834,"2024-06-27 14:05:24",30.8,31.9,1.25,1.01,1.88,2,1.4,1.88,1.05,2,1.62,1.93,healthy
835,"2024-06-27 14:05:27",38.7,31.3,1.27,1.82,1.5,2,1.68,1.03,1.19,2,1.11,1.94,healthy
836,"2024-06-27 14:05:30",37,36.7,1.32,1.33,1.94,2,1.76,1.49,1.45,2,1.35,1.36,healthy
837,"2024-06-27 14:05:33",31.9,33.3,1.22,1.54,1.33,2,1.14,1.73,1.01,2,1.25,1.33,healthy
838,"2024-06-27 14:05:36",38.8,32.5,1.34,1.91,1.12,2,1.05,1.68,1.26,2,1.39,1.06,healthy
839,"2024-06-27 14:05:39",31,36.8,1.22,1.27,1.93,2,1.99,1.34,1.19,2,1.53,1.68,healthy
840,"2024-06-27 14:05:42",34.6,37.9,1.85,1.23,1.12,2,1.42,1.56,1.45,2,1.7,1.55,healthy
841,"2024-06-27 14:05:45",36.6,30.7,1.2,1.31,1.16,2,1.75,1.65,1.4,2,1.98,1.21,healthy
842,"2024-06-27 14:05:48",30.3,39.8,1.56,1.47,1.68,2,1.05,1.54,1.17,2,1.82,1.92,healthy
843,"2024-06-27 14:05:51",39.3,39.9,1.39,1.53,1.22,2,1.09,1.49,1.48,2,1.19,1.15,healthy
844,"2024-06-27 14:05:54",39.2,31.2,1.55,1.78,1.41,2,1.22,1.85,1.73,2,1.8,1.2,healthy
845,"2024-06-27 14:05:57",35.3,34.1,1.08,1.99,1.06,2,1.58,1.81,1.03,2,1.51,1.22,healthy
846,"2024-06-27 14:06:00",34.6,32.2,1.28,1.62,1.19,2,1.43,1.44,1.35,2,1.73,1.62,healthy
847,"2024-06-27 14:06:03",34.1,31,1.37,1.7,1.85,2,1.01,1.59,1.58,2,1.62,1.11,healthy
848,"2024-06-27 14:06:06",35.8,32.5,1.12,1.47,1.89,2,1.13,1.7,1.5,2,1.98,1.63,healthy
849,"2024-06-27 14:06:09",31.3,37,1.45,1.3,1.18,2,1.8,1,1.91,2,1.49,1.17,healthy
850,"2024-06-27 14:06:12",34.9,31.2,1.99,1.76,1.45,2,1.86,1.57,1.18,2,1.32,1.84,healthy
851,"2024-06-27 14:06:15",37.9,34.1,1.46,1.16,1.15,2,1.22,1.04,1.36,2,1.74,1.05,healthy
852,"2024-06-27 14:06:18",34.1,37.4,1.01,1.97,1.45,2,1.3,1.32,1.26,2,1.42,1.62,healthy
853,"2024-06-27 14:06:21",39.2,33.6,1.67,1.87,1.4,2,1.76,1.57,1.93,2,1.16,1.03,healthy
854,"2024-06-27 14:06:24",36.6,35.1,1.41,1.14,1.19,2,1.31,1.1,1.83,2,1.39,1.99,healthy
855,"2024-06-27 14:06:27",38.8,34.4,1.48,1.06,1.38,2,1.97,1.94,1.63,2,1.12,1.02,healthy
856,"2024-06-27 14:06:30",31,37.1,1.21,1.94,1.99,2,1.95,1.18,1.45,2,1.44,1.65,healthy
857,"2024-06-27 14:06:33",38.7,34.9,1.87,1.73,1.78,2,1.1,1.62,1.73,2,1.92,1.27,healthy
858,"2024-06-27 14:06:36",31.8,37.3,1.54,1.7,1.06,2,1.79,1.69,1.94,2,1.36,1.34,healthy
859,"2024-06-27 14:06:39",33.3,36.6,1.75,1.84,1.32,2,1.29,1.56,1.81,2,1.99,1.81,healthy
860,"2024-06-27 14:06:42",30.3,38.2,1.11,1.3,1.11,2,1.66,1.88,1.88,2,1.46,1.07,healthy
861,"2024-06-27 14:06:45",31.3,34.6,1.91,1.26,1.47,2,1.46,1.49,1.53,2,1.96,1.57,healthy
862,"2024-06-27 14:06:48",32.7,32.9,1.12,1.72,1.18,2,1.03,1.13,1.37,2,1.99,1.08,healthy
863,"2024-06-27 14:06:51",35.6,34.7,1.71,1.95,1.87,2,1.75,1.39,1.6,2,1.45,1.33,healthy
864,"2024-06-27 14:06:54",35.3,31.6,1.72,1.73,1.26,2,1.46,1.52,1.74,2,1.7,1.9,healthy
865,"2024-06-27 14:06:57",39.6,30.4,1.81,1.24,1.24,2,1.96,1.12,1.41,2,1.32,1.49,healthy
866,"2024-06-27 14:07:00",35.7,33.4,1.36,1.26,1.36,2,1.21,1.31,1.58,2,1.97,1.54,healthy
867,"2024-06-27 14:07:03",36.9,32,1.01,1.77,1.21,2,1.93,1.49,1.74,2,1.47,1.24,healthy
868,"2024-06-27 14:07:06",32.1,30.5,1.21,1.68,1.11,2,1.81,1.84,1.48,2,1.11,1.88,healthy
869,"2024-06-27 14:07:09",31.3,38.8,1.24,1.43,1.02,2,1.03,1.02,1.59,2,1.3,1.84,healthy
870,"2024-06-27 14:07:12",39.7,32.2,1.75,1.5,1.89,2,1.15,1.92,1.35,2,1.38,1.17,healthy
871,"2024-06-27 14:07:15",37.5,30.3,1.17,1.05,1.31,2,1.28,1.31,1.74,2,1.69,1.87,healthy
872,"2024-06-27 14:07:18",30.3,32.7,1.33,1.19,1.73,2,1.24,1.49,1.41,2,1.91,1.08,healthy
873,"2024-06-27 14:07:21",39.6,38.9,1.55,1.45,1.38,2,1.89,1.77,1.63,2,1.81,1.64,healthy
874,"2024-06-27 14:07:24",35.1,34.9,1.34,1.69,1.76,2,1.02,1.06,1.08,2,1.29,1.53,healthy
875,"2024-06-27 14:07:27",34.7,36.2,1.88,1.77,1.22,2,1.47,1.39,1.91,2,1.75,1.38,healthy
876,"2024-06-27 14:07:30",31.8,37.4,1.45,1.31,1.88,2,1.51,1.53,1.13,2,1.41,1.4,healthy
877,"2024-06-27 14:07:33",30.9,32.8,1.17,1.77,1.62,2,1.13,1.47,1.19,2,1.46,1.92,healthy
878,"2024-06-27 14:07:36",34.9,32.6,1.36,1.09,1.46,2,1.72,1.72,1.61,2,1.32,1.47,healthy
879,"2024-06-27 14:07:39",35.3,31.9,1.83,1.7,1.24,2,1.79,1.84,1.32,2,1.27,1.56,healthy
880,"2024-06-27 14:07:42",33.1,31.8,1.15,1.44,1.29,2,1.52,1.96,1.57,2,1.75,1.73,healthy
881,"2024-06-27 14:07:45",39.9,30.1,1.1,1.37,1.88,2,1.95,1.79,1.76,2,1.71,1.56,healthy
882,"2024-06-27 14:07:48",34.9,40,1.17,1.52,1.27,2,2,1.41,1.96,2,1.52,1.35,healthy
883,"2024-06-27 14:07:51",37.8,34.6,1.64,1.94,1.32,2,1.46,1.16,1.8,2,1.38,1.74,healthy
884,"2024-06-27 14:07:54",34.7,33.3,1.34,1.69,1.9,2,1.83,1.73,1.97,2,1.63,1.87,healthy
885,"2024-06-27 14:07:57",39.6,39.6,1.28,1.61,1.52,2,1.16,1.21,1.25,2,1.92,1.38,healthy
886,"2024-06-27 14:08:00",32.1,32.9,1.55,1.09,1.97,2,1.44,1.89,1.51,2,1.04,1.17,healthy
887,"2024-06-27 14:08:03",37.8,31.4,1.14,1.76,1.71,2,1.44,1.41,1.18,2,1.17,1.6,healthy
888,"2024-06-27 14:08:06",30.4,34.5,1.59,1.39,1.54,2,1.34,1.98,2,2,1.12,1.7,healthy
889,"2024-06-27 14:08:09",37.1,32.9,1.08,1.99,1.36,2,1.05,1.13,1.21,2,1.99,1.2,healthy
890,"2024-06-27 14:08:12",39.8,30.1,1.08,1.34,1.66,2,1.83,1.02,2,2,1.97,1.17,healthy
891,"2024-06-27 14:08:15",37.9,33.4,1.08,1.7,1.24,2,1.55,1.7,1.83,2,1.07,1.67,healthy
892,"2024-06-27 14:08:18",33.9,36.3,1.24,1.69,1.96,2,1.74,1.58,1.64,2,1.17,1.34,healthy
893,"2024-06-27 14:08:21",38.4,37.5,1.34,1.63,1.22,2,1.58,1.89,1.74,2,1.34,1.06,healthy
894,"2024-06-27 14:08:24",38.4,37.3,1.63,1.83,1.99,2,1.47,1.94,1.42,2,1.42,1.2,healthy
895,"2024-06-27 14:08:27",30.8,36.5,1.79,1.6,1.35,2,1.79,1.92,1.18,2,1.14,1.95,healthy
896,"2024-06-27 14:08:30",36.5,36.2,1.04,1.89,1.94,2,1.8,1.21,1.07,2,1.51,1.67,healthy
897,"2024-06-27 14:08:33",38.2,37.1,1.99,1.94,1.06,2,1.71,1.41,1.43,2,1.34,1.24,healthy
898,"2024-06-27 14:08:36",34.8,36.8,1.72,1.87,1.84,2,1.06,1.81,1.09,2,1.62,1.22,healthy
899,"2024-06-27 14:08:39",34.8,33.5,1.32,1.64,1.48,2,1.21,1.19,1.67,2,1.83,1.81,healthy
900,"2024-06-27 14:08:42",34.7,38.6,1.98,1.74,1.47,2,1.52,1.07,1.75,2,1.03,1.3,healthy
901,"2024-06-27 14:08:45",34.2,38.4,1.2,1.91,1.2,2,1.22,1.78,1.25,2,1.35,1.64,healthy
902,"2024-06-27 14:08:48",33.1,33.6,1.34,1.9,1.26,2,1.81,1.24,1.25,2,1.1,1.16,healthy
903,"2024-06-27 14:08:51",32.1,35.5,1.44,1.22,1.32,2,1.33,1.32,1.55,2,1.59,1.55,healthy
904,"2024-06-27 14:08:54",34.7,32.5,1.02,1.88,1.14,2,1.92,1.59,1.29,2,1.73,1.05,healthy
905,"2024-06-27 14:08:57",37.9,38.9,1.43,1.68,1.44,2,1.26,1.25,1.7,2,1.71,1.96,healthy
906,"2024-06-27 14:09:00",30.9,37.9,1.27,1.01,1.16,2,1.32,1.21,1.79,2,1.46,1.87,healthy
907,"2024-06-27 14:09:03",38.6,30.8,1.34,1.3,1.26,2,1.44,1.54,1.47,2,1.82,1.54,healthy
908,"2024-06-27 14:09:06",31.7,36.7,1.55,1.32,1.17,2,1.93,1.47,1.79,2,1.29,1.54,healthy
909,"2024-06-27 14:09:09",33.9,37.1,1.16,1.11,1.97,2,1.15,1.13,1.36,2,1.24,1.83,healthy
910,"2024-06-27 14:09:12",32.2,31,1.07,1.63,1.44,2,1.23,1.27,1.68,2,1.69,1.75,healthy
911,"2024-06-27 14:09:15",35.5,35.8,1.66,1.37,1.67,2,1.58,1.21,1.99,2,1.66,1.41,healthy
912,"2024-06-27 14:09:18",37.8,38.1,1.07,1.71,1.82,2,1.92,1.68,1.72,2,1.43,1.49,healthy
913,"2024-06-27 14:09:21",36.3,30.6,1.53,1.03,1.75,2,1.97,1.85,1.89,2,1.58,1.01,healthy
914,"2024-06-27 14:09:24",33.7,35.2,1.25,1.85,1.14,2,1.08,1.04,1.76,2,1.18,1.39,healthy
915,"2024-06-27 14:09:27",30.8,37.5,1.06,1.6,1.65,2,1.53,1.13,1.37,2,1.13,1.62,healthy
916,"2024-06-27 14:09:30",33.3,30.1,1.9,1.04,1.58,2,1.41,1.39,1.79,2,1.62,1.64,healthy
917,"2024-06-27 14:09:33",36.3,35,1.48,1.68,1.74,2,2,1.95,1.73,2,1.6,1.75,healthy
918,"2024-06-27 14:09:36",32.3,39.5,1.99,1.4,1.36,2,1.35,1.61,1.07,2,1.95,1.61,healthy
919,"2024-06-27 14:09:39",31.2,32.7,1.25,1.59,1.78,2,1.61,1.96,1.92,2,1.56,1.58,healthy
920,"2024-06-27 14:09:42",36.9,35.3,1.26,1.51,1.65,2,1.32,1.58,1.42,2,1.78,1.02,healthy
921,"2024-06-27 14:09:45",32.7,33.6,1.88,1.81,1.51,2,1.95,1.1,1.85,2,1.2,1.26,healthy
922,"2024-06-27 14:09:48",33.5,33.7,1.23,1.39,1.41,2,1.91,2,1.3,2,1.96,1.35,healthy
923,"2024-06-27 14:09:51",38.4,35.4,1.02,1.46,2,2,1.04,1.2,1.35,2,1.5,1,healthy
924,"2024-06-27 14:09:54",35.7,30.1,1.62,1.48,1.3,2,1.29,1.04,1.28,2,1.93,1.48,healthy
925,"2024-06-27 14:09:57",34.7,31.4,1.08,1.12,1.55,2,1.22,1.07,1.2,2,1.11,1.51,healthy
926,"2024-06-27 14:10:00",36,36.6,1.25,1.19,1.42,2,1.3,1.06,1.61,2,1.77,1.67,healthy
927,"2024-06-27 14:10:03",37.7,34.4,1.63,1.5,1.98,2,1.48,1.32,1.03,2,1.74,1.38,healthy
928,"2024-06-27 14:10:06",37.6,34,1.74,1.5,1.99,2,1.44,1.73,1.82,2,1.1,1.93,healthy
929,"2024-06-27 14:10:09",39.6,33.7,1.44,1.95,1.56,2,1.7,1.51,1.68,2,1.2,1.68,healthy
930,"2024-06-27 14:10:12",31.5,31.6,1.83,1.31,1.41,2,1.14,1.39,1.07,2,1.84,1.52,healthy
931,"2024-06-27 14:10:15",30.4,39.6,1.4,1.29,1.19,2,1.46,1.44,1.43,2,1.96,1.03,healthy
932,"2024-06-27 14:10:18",30.4,31.9,1.06,1.53,1.92,2,1.79,1.79,1.03,2,1.33,1.46,healthy
933,"2024-06-27 14:10:21",39,31.9,1.18,1.28,1.66,2,1.5,1.98,1.24,2,1.31,1.54,healthy
934,"2024-06-27 14:10:24",30.3,39.8,1.91,1.5,1.57,2,1.71,1.61,1.42,2,1.5,1.67,healthy
935,"2024-06-27 14:10:27",38.2,36.8,1.87,1.12,1.94,2,1.17,1.22,1.66,2,1.38,1.92,healthy
936,"2024-06-27 14:10:30",36.3,34.8,1.31,1.57,1.57,2,1.28,1.33,1.99,2,1.14,1.92,healthy
937,"2024-06-27 14:10:33",30.8,31,1.27,1.54,1.71,2,1.66,1.54,1.59,2,1.3,1.51,healthy
938,"2024-06-27 14:10:36",36.7,37,1.22,1.32,1.78,2,1.69,1.61,1.62,2,1.55,1.25,healthy
939,"2024-06-27 14:10:39",35.3,31.1,1.2,1.49,1.16,2,1.27,1.21,1.98,2,1.49,1.28,healthy
940,"2024-06-27 14:10:42",36.5,31.2,1.32,1.87,1.59,2,1.99,1.76,1.52,2,1.88,1.24,healthy
941,"2024-06-27 14:10:45",38.8,37,1.39,1.24,1.76,2,1.34,1.46,1.17,2,1.02,1.68,healthy
942,"2024-06-27 14:10:48",36.1,32.8,1.18,1.28,1.5,2,1.98,1.5,1.95,2,1.04,1.06,healthy
943,"2024-06-27 14:10:51",32.4,39.1,1.44,1.67,1.67,2,1.34,1.78,1.46,2,1.65,1.46,healthy
944,"2024-06-27 14:10:54",39.2,33.1,1.72,1.25,1.59,2,1.52,1.74,1.22,2,1.28,1.69,healthy
945,"2024-06-27 14:10:57",31,34.8,1.85,1.69,1.49,2,1.74,1.13,1.98,2,1.02,1.06,healthy
946,"2024-06-27 14:11:00",33,34.3,1.41,1.92,1.59,2,1.56,1.57,1.16,2,1.65,1.58,healthy
947,"2024-06-27 14:11:03",33,32.6,1.57,1.21,1.98,2,1.72,1.11,1.28,2,1.51,1.39,healthy
948,"2024-06-27 14:11:06",37.9,36.3,1.47,1.9,1.69,2,1.68,1.42,1.99,2,1.5,1.91,healthy
949,"2024-06-27 14:11:09",39.7,33,1.19,1.7,1.6,2,1.6,1.58,1.46,2,1.76,1.94,healthy
950,"2024-06-27 14:11:12",31.5,33.8,1.31,1.37,1.88,2,1.69,1.99,1.03,2,1.51,1.82,healthy
951,"2024-06-27 14:11:15",35.7,33.3,1.95,1.8,1.87,2,1.03,1.48,1.61,2,1.48,1.63,healthy
952,"2024-06-27 14:11:18",32.6,32.4,1.15,1.65,1.38,2,1.71,1.7,1.63,2,1.36,1.78,healthy
953,"2024-06-27 14:11:21",31.8,37.5,1.67,1.3,2,2,1.36,1.25,1.96,2,1.12,1.44,healthy
954,"2024-06-27 14:11:24",34.3,30.3,1.03,1.83,1.68,2,1.84,1.87,1.98,2,1.52,1.52,healthy
955,"2024-06-27 14:11:27",39.4,35.6,1.74,1.51,1.57,2,1.31,1.46,1.27,2,1.88,1.92,healthy
956,"2024-06-27 14:11:30",32.3,38.6,1.43,1.58,1.33,2,1.11,1.74,1.14,2,1.08,1.84,healthy
957,"2024-06-27 14:11:33",38.4,32,1.8,1.77,1.82,2,1.52,1.73,1.17,2,1.4,1.18,healthy
958,"2024-06-27 14:11:36",39.2,36.3,1.38,1.37,1.41,2,1.87,1.66,1.63,2,1.87,1.33,healthy
959,"2024-06-27 14:11:39",32.7,39.4,1.71,1.01,1.17,2,1.83,1.3,1.98,2,1.67,1.33,healthy
960,"2024-06-27 14:11:42",36.3,37.5,1.74,1.97,1.75,2,1.82,1.75,1.15,2,1.44,1.97,healthy
961,"2024-06-27 14:11:45",33.5,37.4,1.95,1.48,1.22,2,1.05,1.96,1.28,2,1.98,1.66,healthy
962,"2024-06-27 14:11:48",30.7,33.8,1.38,1.61,1.38,2,1.44,1.75,1.63,2,1.55,1.86,healthy
963,"2024-06-27 14:11:51",39.7,32.1,1.51,1.37,1.01,2,1.53,1.55,1.38,2,1.31,1.06,healthy
964,"2024-06-27 14:11:54",33.1,31.1,1.57,1.58,1.2,2,1.87,1.59,1.35,2,1.88,1.31,healthy
965,"2024-06-27 14:11:57",36.1,33.4,1.17,1.03,1.18,2,1.56,1.64,1.23,2,1.02,1.1,healthy
966,"2024-06-27 14:12:00",37.6,38,1.25,1.74,1.42,2,1.88,1.15,1.6,2,1.99,1.3,healthy
967,"2024-06-27 14:12:03",34.6,36.9,1.95,1.4,1.84,2,1.96,1.66,1.7,2,1.58,1.75,healthy
968,"2024-06-27 14:12:06",32.2,30.7,1.95,1.9,1.33,2,1.48,1.44,1.46,2,1.97,1.42,healthy
969,"2024-06-27 14:12:09",36.8,38.7,1.49,1.14,1.93,2,1.59,1.39,1.48,2,1.05,1.17,healthy
970,"2024-06-27 14:12:12",38.7,39.5,1.84,1.32,1.9,2,1.14,1.69,1.88,2,1.71,1.92,healthy
971,"2024-06-27 14:12:15",33.3,31.8,1.4,1.82,1.14,2,1.18,1.38,1.76,2,1.14,1.91,healthy
972,"2024-06-27 14:12:18",37.8,37.7,1.97,1.48,1.41,2,1.1,1.17,1.74,2,1.28,1.18,healthy
973,"2024-06-27 14:12:21",36.9,31.1,1.96,1.41,1.79,2,1.79,1.52,1.68,2,1.97,1.44,healthy
974,"2024-06-27 14:12:24",35.5,32.7,1.64,1.4,1.69,2,1.98,1.59,1.51,2,1.31,1.02,healthy
975,"2024-06-27 14:12:27",31.1,35.8,1.98,1.32,1.23,2,1.18,1.44,1.39,2,1.86,1.68,healthy
976,"2024-06-27 14:12:30",38.2,36.6,1.28,1.13,1.55,2,1.62,1.18,1.3,2,1.75,1.08,healthy
977,"2024-06-27 14:12:33",38.2,36.1,1.88,1.01,1.17,2,1.37,1.05,1.43,2,1.81,1.55,healthy
978,"2024-06-27 14:12:36",30.2,37,1.28,1.92,1.84,2,1.08,1.79,1.17,2,1.53,1.49,healthy
979,"2024-06-27 14:12:39",38.9,33.8,1.18,1.86,1.84,2,1.12,1.16,1.4,2,1.5,1.83,healthy
980,"2024-06-27 14:12:42",34,32.4,1.29,1.28,1.43,2,1.01,1.88,1.69,2,1.46,1.64,healthy
981,"2024-06-27 14:12:45",34,32.6,1.3,1.49,1.86,2,1.11,1.78,1.87,2,1.55,1.37,healthy
982,"2024-06-27 14:12:48",36.6,34.5,1.96,1.95,1.16,2,1.7,1.12,1.48,2,1.78,1.79,healthy
983,"2024-06-27 14:12:51",34.1,38.9,1.3,1.7,1.42,2,1.51,1.45,1.21,2,1.3,1.85,healthy
984,"2024-06-27 14:12:54",38.8,32,1.63,1.95,1.94,2,1.08,1.65,1.35,2,1.15,1.32,healthy
985,"2024-06-27 14:12:57",36.5,31.5,1.48,1.05,1.87,2,1.06,1.17,1.29,2,1.4,1.86,healthy
986,"2024-06-27 14:13:00",33,34.4,1.8,1.71,1.7,2,1.66,1.06,1.02,2,1.07,1.43,healthy
987,"2024-06-27 14:13:03",34,31.7,1.32,1.35,1.91,2,1.54,1,1.29,2,1.51,1.78,healthy
988,"2024-06-27 14:13:06",30.2,39.7,1.53,1.06,1.6,2,1.48,1.93,1.57,2,1.81,1.78,healthy
989,"2024-06-27 14:13:09",30.1,32.7,1.96,1.43,1.61,2,1.25,1.34,1.26,2,1.79,2,healthy
990,"2024-06-27 14:13:12",34.8,35.9,1.9,1.71,1.99,2,1.07,1.78,1.5,2,1.9,1.17,healthy
991,"2024-06-27 14:13:15",32.5,39.1,1.3,1.26,1.14,2,1.75,1.1,1.15,2,1.45,1.47,healthy
992,"2024-06-27 14:13:18",32.5,30.3,1.2,1.51,1.66,2,1.32,1.66,1.64,2,1.62,1.92,healthy
993,"2024-06-27 14:13:21",30.7,30.6,1.25,1,1.58,2,1.36,1.96,1.61,2,1.13,1.91,healthy
994,"2024-06-27 14:13:24",32.1,37.6,1.03,1.39,1.53,2,1.16,1.02,1.08,2,1.17,1.01,healthy
995,"2024-06-27 14:13:27",33.9,38.6,1.01,1.2,1.79,2,1.77,1.07,1.7,2,1.55,1.5,healthy
996,"2024-06-27 14:13:30",30.7,39.4,1.02,1.2,1.09,2,1.55,1.52,1.97,2,1.13,1.26,healthy
997,"2024-06-27 14:13:33",33.4,34.5,1.13,1.53,1.44,2,1.97,1.07,1.9,2,1.17,1.66,healthy
998,"2024-06-27 14:13:36",31.4,39.7,1.63,1.69,1.58,2,1.58,1.69,1.64,2,1.11,1.71,healthy
999,"2024-06-27 14:13:39",35.6,31.8,1.71,1.06,1.75,2,1.68,1.25,1.94,2,2,1.16,healthy
1000,"2024-06-27 14:13:42",36.9,31.4,1.87,1.05,1.32,2,1.78,1.3,1.08,2,1.84,1.7,healthy
